Source,Original destination,Reason
/de/3/gesunde-lebensweise.aspx,https://phoeniximport.com/de/3/gesunde-lebensweise.aspx,self-referential
/de/3/home-living/feng-shui-produkte.aspx,https://phoeniximport.com/de/3/home-living/feng-shui-produkte.aspx,self-referential
/de/3/schmuck/ring.aspx,https://phoeniximport.com/de/3/schmuck/ring.aspx,self-referential
/de/3/yoga/yogamatten.aspx,https://phoeniximport.com/de/3/yoga/yogamatten.aspx,self-referential
/de/4/031300/tabiano-gesichtsreinigendes-gel-200-ml.aspx,https://phoeniximport.com/de/4/031300/tabiano-gesichtsreinigendes-gel-200-ml.aspx,self-referential
/de/4/13109/armband-achat-06-cm.aspx,https://phoeniximport.com/de/4/13109/armband-achat-06-cm.aspx,self-referential
/en/3/meditation/meditation-cushions-round.aspx,https://phoeniximport.com/en/3/meditation/meditation-cushions-round.aspx,self-referential
/en/4/12139/pendant-rose-quartz-4-cm.aspx,https://phoeniximport.com/en/4/12139/pendant-rose-quartz-4-cm.aspx,self-referential
/en/4/17399/yoga-leggings-lotus-l.aspx,https://phoeniximport.com/en/4/17399/yoga-leggings-lotus-l.aspx,self-referential
/en/4/17618/tapestry-ohm-lotus-147x208-cm.aspx,https://phoeniximport.com/en/4/17618/tapestry-ohm-lotus-147x208-cm.aspx,self-referential
/en/4/17700/vitajuwel-wellness-33-cm.aspx,https://phoeniximport.com/en/4/17700/vitajuwel-wellness-33-cm.aspx,self-referential
/en/4/17719/vitajuwel-via-love-500-ml.aspx,https://phoeniximport.com/en/4/17719/vitajuwel-via-love-500-ml.aspx,self-referential
/en/4/4100/chakra-banner-small-15x60-cm.aspx,https://phoeniximport.com/en/4/4100/chakra-banner-small-15x60-cm.aspx,self-referential
/es/3/joyas/anillos.aspx,https://phoeniximport.com/es/3/joyas/anillos.aspx,self-referential
/es/3/productos-bio/cojines-de-meditacin-orgnicos.aspx,https://phoeniximport.com/es/3/productos-bio/cojines-de-meditacin-orgnicos.aspx,self-referential
/es/3/yoga.aspx,https://phoeniximport.com/es/3/yoga.aspx,self-referential
/es/4/3340/set-sprays-7-chakra.aspx,https://phoeniximport.com/es/4/3340/set-sprays-7-chakra.aspx,self-referential
/it/4/15889/katha-tibetana-arancione-220x48-cm.aspx,https://phoeniximport.com/it/4/15889/katha-tibetana-arancione-220x48-cm.aspx,self-referential
/it/4/19026/attivatore-per-diapason-55x35-cm.aspx,https://phoeniximport.com/it/4/19026/attivatore-per-diapason-55x35-cm.aspx,self-referential
/nl/2/faq.aspx,https://www.phoeniximport.com/nl/2/faq.aspx,self-referential
/nl/2/kortingen.aspx,https://www.phoeniximport.com/nl/2/kortingen.aspx,self-referential
/nl/2/nieuwsbrief.aspx,https://www.phoeniximport.com/nl/2/nieuwsbrief.aspx,self-referential
/nl/2/proclaimer.aspx,https://www.phoeniximport.com/nl/2/proclaimer.aspx,self-referential
/nl/2/reclamatie.aspx,https://www.phoeniximport.com/nl/2/reclamatie.aspx,self-referential
/nl/3/mineralen-en-edelstenen/edelsteenhangers-en-armbanden.aspx,https://phoeniximport.com/nl/3/mineralen-en-edelstenen/edelsteenhangers-en-armbanden.aspx,self-referential
/nl/3/nieuwe-producten.aspx,https://phoeniximport.com/nl/3/nieuwe-producten.aspx,self-referential
/nl/3/spiritualiteit/thangkas.aspx,https://phoeniximport.com/nl/3/spiritualiteit/thangkas.aspx,self-referential
/nl/3/textiel.aspx,https://phoeniximport.com/nl/3/textiel.aspx,self-referential
/nl/4/1163082/windgong-70-cm.aspx,https://phoeniximport.com/nl/3/klankschalen-en-meer/gongs-gongtassen-en-gongstandaards.aspx,source-already-in-existing-csv
/nl/4/14988/ganesha-beeld-17-cm.aspx,https://phoeniximport.com/nl/4/14988/ganesha-beeld-17-cm.aspx,self-referential
/nl/4/14997/ganesha-beeldje-10-cm.aspx,https://phoeniximport.com/nl/4/14997/ganesha-beeldje-10-cm.aspx,self-referential
/nl/4/1500/seleniet-lamp-25-cm.aspx,https://phoeniximport.com/nl/4/1500/seleniet-lamp-25-cm.aspx,self-referential
/nl/4/15658/armband-turkoois-zwarte-onyx.aspx,https://phoeniximport.com/nl/4/15658/armband-turkoois-zwarte-onyx.aspx,self-referential
/nl/4/15659/armband-turkoois-koraal-zwarte-onyx.aspx,https://phoeniximport.com/nl/4/15659/armband-turkoois-koraal-zwarte-onyx.aspx,self-referential
/nl/4/17224/draak-katha-oranje-140x30-cm.aspx,https://phoeniximport.com/nl/4/17224/draak-katha-oranje-140x30-cm.aspx,self-referential
/nl/4/17467/yogabroek-man-zwart-s-m.aspx,https://phoeniximport.com/nl/4/17467/yogabroek-man-zwart-s-m.aspx,self-referential
/nl/4/17589/ganesha-beeld-14-cm.aspx,https://phoeniximport.com/nl/4/17589/ganesha-beeld-14-cm.aspx,self-referential
/nl/4/17618/wandkleed-ohm-lotus-147x208-cm.aspx,https://phoeniximport.com/nl/4/17618/wandkleed-ohm-lotus-147x208-cm.aspx,self-referential
/nl/4/17638/wierookplankje-pentagram-25x4-cm.aspx,https://phoeniximport.com/nl/4/17638/wierookplankje-pentagram-25x4-cm.aspx,self-referential
/nl/4/17799/yoga-top-chakras-zwart-m.aspx,https://phoeniximport.com/nl/4/17799/yoga-top-chakras-zwart-m.aspx,self-referential
/nl/4/19028/stemvork-opbergtas-28-cm.aspx,https://phoeniximport.com/nl/4/19028/stemvork-opbergtas-28-cm.aspx,self-referential
/nl/4/662/geurkaars-2e-chakra-20x37-cm.aspx,https://phoeniximport.com/nl/4/662/geurkaars-2e-chakra-20x37-cm.aspx,self-referential
/nl/4/78136/shungiet-hanger-ovaal-5-cm.aspx,https://phoeniximport.com/nl/4/78136/shungiet-hanger-ovaal-5-cm.aspx,self-referential
/nl/4/78214/sleutelhanger-lotus-namaste-14-cm.aspx,https://phoeniximport.com/nl/4/78214/sleutelhanger-lotus-namaste-14-cm.aspx,self-referential
/nl/4/916253/aartsengel-michal-22-cm.aspx,https://phoeniximport.com/nl/4/916253/aartsengel-michal-22-cm.aspx,self-referential
/nl/4/9638/raamsticker-chakra-healing-14-cm.aspx,https://phoeniximport.com/nl/4/9638/raamsticker-chakra-healing-14-cm.aspx,self-referential
/nl/4/9646/raamsticker-magische-eenhoorn-14-cm.aspx,https://phoeniximport.com/nl/4/9646/raamsticker-magische-eenhoorn-14-cm.aspx,self-referential
/nl/webshop/product_list.aspx,https://phoeniximport.com/nl/webshop/product_list.aspx,self-referential
/de/2/%C3%BCber-uns.aspx,https://phoeniximport.com/de/2/%c3%bcber-uns.aspx,self-referential
/de/2/datenschutz--und-cookieerklrung.aspx,https://phoeniximport.com/de/2/datenschutz--und-cookieerklrung.aspx,self-referential
/de/2/vorratsmeldung.aspx,https://phoeniximport.com/de/2/vorratsmeldung.aspx,self-referential
/de/3/biologische-produkte/biologische-mediatationskissen.aspx,https://phoeniximport.com/de/3/biologische-produkte/biologische-mediatationskissen.aspx,self-referential
/de/3/biologische-produkte/biologischer-tee.aspx,https://phoeniximport.com/de/3/biologische-produkte/biologischer-tee.aspx,self-referential
/de/3/gesunde-lebensweise/holy-lama-spice-drops.aspx,https://phoeniximport.com/de/3/gesunde-lebensweise/holy-lama-spice-drops.aspx,self-referential
/de/3/gesunde-lebensweise/tee-alle-produkte.aspx,https://phoeniximport.com/de/3/gesunde-lebensweise/tee-alle-produkte.aspx,self-referential
/de/3/gesunde-lebensweise/wasservitalisierung-edelsteinstbe.aspx,https://phoeniximport.com/de/3/gesunde-lebensweise/wasservitalisierung-edelsteinstbe.aspx,self-referential
/de/3/home-living/fahnen-strandtcher-und-thangkas.aspx,https://phoeniximport.com/de/3/home-living/fahnen-strandtcher-und-thangkas.aspx,self-referential
/de/3/home-living/fensterklebebilder.aspx,https://phoeniximport.com/de/3/home-living/fensterklebebilder.aspx,self-referential
/de/3/home-living/kleinmbel-und-dekogegenstnde.aspx,https://phoeniximport.com/de/3/home-living/kleinmbel-und-dekogegenstnde.aspx,self-referential
/de/3/home-living/salzlampen-und-mehr.aspx,https://phoeniximport.com/de/3/home-living/salzlampen-und-mehr.aspx,self-referential
/de/3/home-living/schmuckkstchen-und-tschchen.aspx,https://phoeniximport.com/de/3/home-living/schmuckkstchen-und-tschchen.aspx,self-referential
/de/3/klangschalen-und-mehr/klangschalen-chpa.aspx,https://phoeniximport.com/de/3/klangschalen-und-mehr/klangschalen-chpa.aspx,self-referential
/de/3/klangschalen-und-mehr/klangschalen-ishana-schwarzgold.aspx,https://phoeniximport.com/de/3/klangschalen-und-mehr/klangschalen-ishana-schwarzgold.aspx,self-referential
/de/3/klangschalen-und-mehr/klangschalen-nirmala.aspx,https://phoeniximport.com/de/3/klangschalen-und-mehr/klangschalen-nirmala.aspx,self-referential
/de/3/klangschalen-und-mehr/klangschalen-samadhi.aspx,https://phoeniximport.com/de/3/klangschalen-und-mehr/klangschalen-samadhi.aspx,self-referential
/de/3/klangschalen-und-mehr/klangschalenzubehr.aspx,https://phoeniximport.com/de/3/klangschalen-und-mehr/klangschalenzubehr.aspx,self-referential
/de/3/klangschalen-und-mehr/kristall-klangschalen-klar.aspx,https://phoeniximport.com/de/3/klangschalen-und-mehr/kristall-klangschalen-klar.aspx,self-referential
/de/3/klangschalen-und-mehr/kristall-klangschalen-sets.aspx,https://phoeniximport.com/de/3/klangschalen-und-mehr/kristall-klangschalen-sets.aspx,self-referential
/de/3/klangschalen-und-mehr/kristall-klangschalen-wei.aspx,https://phoeniximport.com/de/3/klangschalen-und-mehr/kristall-klangschalen-wei.aspx,self-referential
/de/3/krperpflege/haarpflege.aspx,https://phoeniximport.com/de/3/krperpflege/haarpflege.aspx,self-referential
/de/3/krperpflege/himalaya-herbals.aspx,https://phoeniximport.com/de/3/krperpflege/himalaya-herbals.aspx,self-referential
/de/3/krperpflege/le-chatelard-1802.aspx,https://phoeniximport.com/de/3/krperpflege/le-chatelard-1802.aspx,self-referential
/de/3/krperpflege/massage-produkte.aspx,https://phoeniximport.com/de/3/krperpflege/massage-produkte.aspx,self-referential
/de/3/krperpflege/olanat-biologisch.aspx,https://phoeniximport.com/de/3/krperpflege/olanat-biologisch.aspx,self-referential
/de/3/meditation/meditation-schals-und-zubehr.aspx,https://phoeniximport.com/de/3/meditation/meditation-schals-und-zubehr.aspx,self-referential
/de/3/meditation/meditation-untersttzende-kissen.aspx,https://phoeniximport.com/de/3/meditation/meditation-untersttzende-kissen.aspx,self-referential
/de/3/meditation/meditationskissen-mondfrmig.aspx,https://phoeniximport.com/de/3/meditation/meditationskissen-mondfrmig.aspx,self-referential
/de/3/meditation/meditationskissen-rechteckig.aspx,https://phoeniximport.com/de/3/meditation/meditationskissen-rechteckig.aspx,self-referential
/de/3/meditation/meditationskissen-und-matten-chakradesigns.aspx,https://phoeniximport.com/de/3/meditation/meditationskissen-und-matten-chakradesigns.aspx,self-referential
/de/3/mineralien-und-edelsteine.aspx,https://phoeniximport.com/de/3/mineralien-und-edelsteine.aspx,self-referential
/de/3/rucherwerk-salbei-und-rucherkohle.aspx,https://phoeniximport.com/de/3/rucherwerk-salbei-und-rucherkohle.aspx,self-referential
/de/3/rucherwerk-salbei-und-rucherkohle/erzengel-rucherwerk.aspx,https://phoeniximport.com/de/3/rucherwerk-salbei-und-rucherkohle/erzengel-rucherwerk.aspx,self-referential
/de/3/rucherwerk-salbei-und-rucherkohle/tibetisches-rucherwerk.aspx,https://phoeniximport.com/de/3/rucherwerk-salbei-und-rucherkohle/tibetisches-rucherwerk.aspx,self-referential
/de/3/rucherwerk-salbei-und-rucherkohle/yoga-rucherwerk.aspx,https://phoeniximport.com/de/3/rucherwerk-salbei-und-rucherkohle/yoga-rucherwerk.aspx,self-referential
/de/3/schmuck/armbnder.aspx,https://phoeniximport.com/de/3/schmuck/armbnder.aspx,self-referential
/de/3/schmuck/schmuck-blume-des-lebens.aspx,https://phoeniximport.com/de/3/schmuck/schmuck-blume-des-lebens.aspx,self-referential
/de/3/schreibwaren-postkarten-und-sticker.aspx,https://phoeniximport.com/de/3/schreibwaren-postkarten-und-sticker.aspx,self-referential
/de/3/spiritualitt.aspx,https://phoeniximport.com/de/3/spiritualitt.aspx,self-referential
/de/3/spiritualitt/engel-produkte.aspx,https://phoeniximport.com/de/3/spiritualitt/engel-produkte.aspx,self-referential
/de/3/spiritualitt/pendel-und-wnschelruten.aspx,https://phoeniximport.com/de/3/spiritualitt/pendel-und-wnschelruten.aspx,self-referential
/de/3/spiritualitt/tibetische-produkte.aspx,https://phoeniximport.com/de/3/spiritualitt/tibetische-produkte.aspx,self-referential
/de/3/textilien/schals-und-pashminas.aspx,https://phoeniximport.com/de/3/textilien/schals-und-pashminas.aspx,self-referential
/de/3/textilien/the-mountain-t-shirts.aspx,https://phoeniximport.com/de/3/textilien/the-mountain-t-shirts.aspx,self-referential
/de/3/yoga/yoga-bolster.aspx,https://phoeniximport.com/de/3/yoga/yoga-bolster.aspx,self-referential
/de/3/yoga/yoga-handtcher.aspx,https://phoeniximport.com/de/3/yoga/yoga-handtcher.aspx,self-referential
/de/3/yoga/yoga-rucherwerk.aspx,https://phoeniximport.com/de/3/yoga/yoga-rucherwerk.aspx,self-referential
/de/3/yoga/yoga-wohlbefinden.aspx,https://phoeniximport.com/de/3/yoga/yoga-wohlbefinden.aspx,self-referential
/de/3/yoga/yogablcke-aus-kork.aspx,https://phoeniximport.com/de/3/yoga/yogablcke-aus-kork.aspx,self-referential
/de/3/yoga/yogagurte-und-yogarad.aspx,https://phoeniximport.com/de/3/yoga/yogagurte-und-yogarad.aspx,self-referential
/de/3/yoga/yogakleidung-herren.aspx,https://phoeniximport.com/de/3/yoga/yogakleidung-herren.aspx,self-referential
/de/4/0111/meditation-buddha-steingrau-12-cm.aspx,https://phoeniximport.com/de/4/0111/meditation-buddha-steingrau-12-cm.aspx,self-referential
/de/4/0205/tischgong-braun-50x10x42-cm.aspx,https://phoeniximport.com/de/4/0205/tischgong-braun-50x10x42-cm.aspx,self-referential
/de/4/021059/toilettenseife-aleppo-20-lorbeerl-190-g.aspx,https://phoeniximport.com/de/4/021059/toilettenseife-aleppo-20-lorbeerl-190-g.aspx,self-referential
/de/4/02566/bodylotion-shea-butter-300-ml.aspx,https://phoeniximport.com/de/4/02566/bodylotion-shea-butter-300-ml.aspx,self-referential
/de/4/02573/raumspray-lavendel-50-ml.aspx,https://phoeniximport.com/de/4/02573/raumspray-lavendel-50-ml.aspx,self-referential
/de/4/1060/duftcreme-maiglckchen-4-g.aspx,https://phoeniximport.com/de/4/1060/duftcreme-maiglckchen-4-g.aspx,self-referential
/de/4/12137/anhnger-tigerauge-4-cm.aspx,https://phoeniximport.com/de/4/12137/anhnger-tigerauge-4-cm.aspx,self-referential
/de/4/12164/set-teetasse-mandala-trkis.aspx,https://phoeniximport.com/de/4/12164/set-teetasse-mandala-trkis.aspx,self-referential
/de/4/12171/arganl-100-biologisch-100-ml.aspx,https://phoeniximport.com/de/4/12171/arganl-100-biologisch-100-ml.aspx,self-referential
/de/4/13100/feuerfeste-terracottaschale-17-cm.aspx,https://phoeniximport.com/de/4/13100/feuerfeste-terracottaschale-17-cm.aspx,self-referential
/de/4/1332/rucherwerk-goloka-chandan-15-g.aspx,https://phoeniximport.com/de/4/1332/rucherwerk-goloka-chandan-15-g.aspx,self-referential
/de/4/167906/meditationsbankkissen-indigo-48x17x3-cm.aspx,https://phoeniximport.com/de/4/167906/meditationsbankkissen-indigo-48x17x3-cm.aspx,self-referential
/de/4/17648/rucherstbchenweihrauchkegelhalter-drachen-10-cm.aspx,https://phoeniximport.com/de/4/17648/rucherstbchenweihrauchkegelhalter-drachen-10-cm.aspx,self-referential
/de/4/17680/armband-mit-7-chakramineralien-magnetisch.aspx,https://phoeniximport.com/de/4/17680/armband-mit-7-chakramineralien-magnetisch.aspx,self-referential
/de/4/17704/vitajuwel-diamant-33-cm.aspx,https://phoeniximport.com/de/4/17704/vitajuwel-diamant-33-cm.aspx,self-referential
/de/4/2001/sorgenpppchen-handarbeit-7x55-cm.aspx,https://phoeniximport.com/de/4/2001/sorgenpppchen-handarbeit-7x55-cm.aspx,self-referential
/de/4/2120/yogablock-kork-23x12x75-cm.aspx,https://phoeniximport.com/de/4/2120/yogablock-kork-23x12x75-cm.aspx,self-referential
/de/4/3253/rucherstbchen-angels-chamuel-20-g.aspx,https://phoeniximport.com/de/4/3253/rucherstbchen-angels-chamuel-20-g.aspx,self-referential
/de/4/5994/anhnger-engel-karneol-3-cm.aspx,https://phoeniximport.com/de/4/5994/anhnger-engel-karneol-3-cm.aspx,self-referential
/de/4/6001/anhnger-engel-bergkristall-3-cm.aspx,https://phoeniximport.com/de/4/6001/anhnger-engel-bergkristall-3-cm.aspx,self-referential
/de/4/6025/donutanhnger-spirale.aspx,https://phoeniximport.com/de/4/6025/donutanhnger-spirale.aspx,self-referential
/de/4/78154/schlsselanhnger-chakra-buddha-14-cm.aspx,https://phoeniximport.com/de/4/78154/schlsselanhnger-chakra-buddha-14-cm.aspx,self-referential
/de/4/78264/holzfeder-23-cm.aspx,https://phoeniximport.com/de/4/78264/holzfeder-23-cm.aspx,self-referential
/de/4/78287/chakraarmband-lavastein-08-cm.aspx,https://phoeniximport.com/de/4/78278/ohrhnger-blume-des-lebens-925er-silber-mit-amethyst-22.aspx,no-lookup-match
/de/4/793/trinkflasche-miron-violett-1-l.aspx,https://phoeniximport.com/de/4/793/trinkflasche-miron-violett-1-l.aspx,self-referential
/en/2/payment.aspx,https://phoeniximport.com/en/2/payment.aspx,self-referential
/en/2/placing-an-order.aspx,https://phoeniximport.com/en/2/placing-an-order.aspx,self-referential
/en/3/body-care/holy-lama-naturals.aspx,https://phoeniximport.com/en/3/body-care/holy-lama-naturals.aspx,self-referential
/en/3/candles-and-candle-holders.aspx,https://phoeniximport.com/en/3/candles-and-candle-holders.aspx,self-referential
/en/3/fragrance-products/lavender-products.aspx,https://phoeniximport.com/en/3/fragrance-products/lavender-products.aspx,self-referential
/en/3/healthy-lifestyle/tea-pavilion-ayurvedic.aspx,https://phoeniximport.com/en/3/healthy-lifestyle/tea-pavilion-ayurvedic.aspx,self-referential
/en/3/jewellery/jewelleries-chakras.aspx,https://phoeniximport.com/en/3/jewellery/jewelleries-chakras.aspx,self-referential
/en/3/jewellery/jewelleries-flower-of-life.aspx,https://phoeniximport.com/en/3/jewellery/jewelleries-flower-of-life.aspx,self-referential
/en/3/jewelry/key-rings.aspx,https://phoeniximport.com/en/3/jewelry/key-rings.aspx,self-referential
/en/3/meditation/meditation-cushions-and-mats-chakras.aspx,https://phoeniximport.com/en/3/meditation/meditation-cushions-and-mats-chakras.aspx,self-referential
/en/3/meditation/meditation-cushions-moon.aspx,https://phoeniximport.com/en/3/meditation/meditation-cushions-moon.aspx,self-referential
/en/3/minerals-and-gemstones.aspx,https://phoeniximport.com/en/3/minerals-and-gemstones.aspx,self-referential
/en/3/spirituality/kathas-altarclothes-and-door-covers.aspx,https://phoeniximport.com/en/3/spirituality/kathas-altarclothes-and-door-covers.aspx,self-referential
/en/3/spirituality/protection-pendants.aspx,https://phoeniximport.com/en/3/spirituality/protection-pendants.aspx,self-referential
/en/3/yoga.aspx,https://phoeniximport.com/en/3/yoga.aspx,self-referential
/en/3/yoga/yoga-straps-and-yoga-wheel.aspx,https://phoeniximport.com/en/3/yoga/yoga-straps-and-yoga-wheel.aspx,self-referential
/en/4/644/scented-votive-candle-4th-chakra.aspx,https://phoeniximport.com/en/4/644/scented-votive-candle-4th-chakra.aspx,self-referential
/es/2/informacin-de-la-compaa.aspx,https://phoeniximport.com/es/2/informacin-de-la-compaa.aspx,self-referential
/es/3/cuidado-del-cuerpo/hierbas-del-himalaya.aspx,https://phoeniximport.com/es/3/cuidado-del-cuerpo/hierbas-del-himalaya.aspx,self-referential
/es/3/cuidado-del-cuerpo/productos-de-masaje.aspx,https://phoeniximport.com/es/3/cuidado-del-cuerpo/productos-de-masaje.aspx,self-referential
/es/3/espiritualidad/bolas-de-metal.aspx,https://phoeniximport.com/es/3/espiritualidad/bolas-de-metal.aspx,self-referential
/es/3/espiritualidad/katas-y-telas.aspx,https://phoeniximport.com/es/3/espiritualidad/katas-y-telas.aspx,self-referential
/es/3/espiritualidad/mala-bolsa-para-mala.aspx,https://phoeniximport.com/es/3/espiritualidad/mala-bolsa-para-mala.aspx,self-referential
/es/3/espiritualidad/wicca-y-tarot.aspx,https://phoeniximport.com/es/3/espiritualidad/wicca-y-tarot.aspx,self-referential
/es/3/estatuas.aspx,https://phoeniximport.com/es/3/estatuas.aspx,self-referential
/es/3/estatuas/estatuas-hindues.aspx,https://phoeniximport.com/es/3/estatuas/estatuas-hindues.aspx,self-referential
/es/3/fragancias/productos-de-lavanda.aspx,https://phoeniximport.com/es/3/fragancias/productos-de-lavanda.aspx,self-referential
/es/3/joyas.aspx,https://www.phoeniximport.com/es/3/joyas.aspx,self-referential
/es/3/joyas/colgantes-y-collares.aspx,https://phoeniximport.com/es/3/joyas/colgantes-y-collares.aspx,self-referential
/es/3/minerales-y-gemas/piedras-pulidas.aspx,https://phoeniximport.com/es/3/minerales-y-gemas/piedras-pulidas.aspx,self-referential
/es/3/nuevos-artculos.aspx,https://phoeniximport.com/es/3/nuevo-artculo.aspx,source-already-in-existing-csv
/es/3/papelera-y-ms/pegatinasadhesivos.aspx,https://phoeniximport.com/es/3/papelera-y-ms/pegatinasadhesivos.aspx,self-referential
/es/3/productos-bio.aspx,https://phoeniximport.com/es/3/productos-bio.aspx,self-referential
/es/3/productos-para-una-vida-sana.aspx,https://phoeniximport.com/es/3/productos-para-una-vida-sana.aspx,self-referential
/es/3/tejidos/bolsos.aspx,https://phoeniximport.com/es/3/tejidos/bolsos.aspx,self-referential
/es/3/tejidos/bufandas-pashminas-camisetas.aspx,https://phoeniximport.com/es/3/tejidos/bufandas-pashminas-camisetas.aspx,self-referential
/es/3/yoga/chales-de-yoga.aspx,https://phoeniximport.com/es/3/yoga/chales-de-yoga.aspx,self-referential
/es/3/yoga/esterillas-de-yoga.aspx,https://phoeniximport.com/es/3/yoga/esterillas-de-yoga.aspx,self-referential
/es/3/yoga/limpiador-bio-de-esterillas.aspx,https://phoeniximport.com/es/3/yoga/limpiador-bio-de-esterillas.aspx,self-referential
/es/3/yoga/ropa-de-yoga-surya.aspx,https://phoeniximport.com/es/3/yoga/ropa-de-yoga-surya.aspx,self-referential
/es/3/yoga/ropa-de-yoga-yogamasti.aspx,https://phoeniximport.com/es/3/yoga/ropa-de-yoga-yogamasti.aspx,self-referential
/es/3/yoga/toalla-de-yoga-antideslizante.aspx,https://phoeniximport.com/es/3/yoga/toalla-de-yoga-antideslizante.aspx,self-referential
/es/4/1001/incienso-satya-tulsi-15-g.aspx,https://phoeniximport.com/es/4/1001/incienso-satya-tulsi-15-g.aspx,self-referential
/es/4/1005/incienso-satya-myrrh-15-g.aspx,https://phoeniximport.com/es/4/1005/incienso-satya-myrrh-15-g.aspx,self-referential
/es/4/10130/botella-omwater-gratitud-1200-ml.aspx,https://phoeniximport.com/es/4/10130/botella-omwater-gratitud-1200-ml.aspx,self-referential
/es/4/1162942/gong-chao-55-cm.aspx,https://phoeniximport.com/es/3/cuencos-sonoros-y-ms/gongs-estructuras-y-fundas-para-gong.aspx,source-already-in-existing-csv
/es/4/1485/espiral-de-selenita-15-cm.aspx,https://phoeniximport.com/es/4/1485/espiral-de-selenita-15-cm.aspx,self-referential
/es/4/17614/pulsera-arcngel-miguel.aspx,https://phoeniximport.com/es/4/17614/pulsera-arcngel-miguel.aspx,self-referential
/es/4/17615/pulsera-arcngel-rafael.aspx,https://phoeniximport.com/es/4/17615/pulsera-arcngel-rafael.aspx,self-referential
/es/4/17616/pulsera-citrino-arcngel-uriel.aspx,https://phoeniximport.com/es/4/17616/pulsera-citrino-arcngel-uriel.aspx,self-referential
/es/4/17700/vitaljuwel-wellnessbienestar-33-cm.aspx,https://phoeniximport.com/es/4/17700/vitaljuwel-wellnessbienestar-33-cm.aspx,self-referential
/es/4/17701/vitajuwel-5-elementos-33-cm.aspx,https://phoeniximport.com/es/4/17701/vitajuwel-5-elementos-33-cm.aspx,self-referential
/es/4/17703/vitajuwel-vitalidad-33-cm.aspx,https://phoeniximport.com/es/4/17703/vitajuwel-vitalidad-33-cm.aspx,self-referential
/es/4/17717/vitajuwel-decantador-era-1300-ml.aspx,https://phoeniximport.com/es/4/17717/vitajuwel-decantador-era-1300-ml.aspx,self-referential
/es/4/19026/activador-de-diapasones-55x35-cm.aspx,https://phoeniximport.com/es/4/19026/activador-de-diapasones-55x35-cm.aspx,self-referential
/es/4/2290409/velas-para-el-odo-natural.aspx,https://phoeniximport.com/es/4/2290409/velas-para-el-odo-natural.aspx,self-referential
/es/4/2290478/velas-para-el-odo-propoleo.aspx,https://phoeniximport.com/es/4/2290478/velas-para-el-odo-propoleo.aspx,self-referential
/es/4/3275/incienso-yoga-om-13-g.aspx,https://phoeniximport.com/es/4/3275/incienso-yoga-om-13-g.aspx,self-referential
/es/4/601008/postales-yoga-15x105-cm.aspx,https://phoeniximport.com/es/4/601008/postales-yoga-15x105-cm.aspx,self-referential
/es/4/6025/colgante-donut-espiral.aspx,https://phoeniximport.com/es/4/6025/colgante-donut-espiral.aspx,self-referential
/es/4/794/botella-soulbottle-om-600-ml.aspx,https://phoeniximport.com/es/4/794/botella-soulbottle-om-600-ml.aspx,self-referential
/fr/2/passer-une-commande.aspx,https://phoeniximport.com/fr/2/passer-une-commande.aspx,self-referential
/fr/2/qui-sommes-nous.aspx,https://phoeniximport.com/fr/2/qui-sommes-nous.aspx,self-referential
/fr/2/termes-et-conditions-gnrales.aspx,https://phoeniximport.com/fr/2/termes-et-conditions-gnrales.aspx,self-referential
/fr/3/bijoux/jewelries-conception-chakra.aspx,https://phoeniximport.com/fr/3/bijoux/jewelries-conception-chakra.aspx,self-referential
/fr/3/bijoux/porte-cls.aspx,https://phoeniximport.com/fr/3/bijoux/porte-cls.aspx,self-referential
/fr/3/bols-chantants-et-plus.aspx,https://phoeniximport.com/fr/3/bols-chantants-et-plus.aspx,self-referential
/fr/3/bougies-et-bougeoirs.aspx,https://phoeniximport.com/fr/3/bougies-et-bougeoirs.aspx,self-referential
/fr/3/bougies-et-bougeoirs/eclairage-ambiance-lotus.aspx,https://phoeniximport.com/fr/3/bougies-et-bougeoirs/eclairage-ambiance-lotus.aspx,self-referential
/fr/3/mditation.aspx,https://phoeniximport.com/fr/3/mditation.aspx,self-referential
/fr/3/mditation/coussins-de-mditation-rectangulaires.aspx,https://phoeniximport.com/fr/3/mditation/coussins-de-mditation-rectangulaires.aspx,self-referential
/fr/3/nouveaux-produits.aspx,https://phoeniximport.com/fr/3/nouveau-produit.aspx,source-already-in-existing-csv
/fr/3/papeterie-et-plus/aimants.aspx,https://phoeniximport.com/fr/3/papeterie-et-plus/aimants.aspx,self-referential
/fr/3/papeterie-et-plus/autocollants.aspx,https://phoeniximport.com/fr/3/papeterie-et-plus/autocollants.aspx,self-referential
/fr/3/soin-du-corps/le-chatelard-1802.aspx,https://phoeniximport.com/fr/3/soin-du-corps/le-chatelard-1802.aspx,self-referential
/fr/3/soin-du-corps/najel-alepp.aspx,https://phoeniximport.com/fr/3/soin-du-corps/najel-alepp.aspx,self-referential
/fr/3/soin-du-corps/tabiano-bio-sulphur.aspx,https://phoeniximport.com/fr/3/soin-du-corps/tabiano-bio-sulphur.aspx,self-referential
/fr/3/spiritualit/fleur-de-la-vie-produits.aspx,https://phoeniximport.com/fr/3/spiritualit/fleur-de-la-vie-produits.aspx,self-referential
/fr/3/spiritualit/thangkas.aspx,https://phoeniximport.com/fr/3/spiritualit/thangkas.aspx,self-referential
/fr/3/statues.aspx,https://phoeniximport.com/fr/3/statues.aspx,self-referential
/fr/3/statues/statues-hindouistes.aspx,https://phoeniximport.com/fr/3/statues/statues-hindouistes.aspx,self-referential
/fr/3/yoga/tous-les-vtements-de-yoga.aspx,https://phoeniximport.com/fr/3/yoga/tous-les-vtements-de-yoga.aspx,self-referential
/fr/3/yoga/vtements-de-yoga-bali-spirit.aspx,https://phoeniximport.com/fr/3/yoga/vtements-de-yoga-bali-spirit.aspx,self-referential
/fr/3/yoga/vtements-de-yoga-surya.aspx,https://phoeniximport.com/fr/3/yoga/vtements-de-yoga-surya.aspx,self-referential
/fr/3/yoga/yoga-toile-antidrapante.aspx,https://phoeniximport.com/fr/3/yoga/yoga-toile-antidrapante.aspx,self-referential
/fr/4/1439/encens-golden-nag-palo-santo.aspx,https://phoeniximport.com/fr/4/1439/encens-golden-nag-palo-santo.aspx,self-referential
/fr/4/17203/pendentif-om-rond-3-cm.aspx,https://phoeniximport.com/fr/4/17203/pendentif-om-rond-3-cm.aspx,self-referential
/fr/4/17942/briques-dncens-aromafume-palo-santo.aspx,https://phoeniximport.com/fr/4/17942/briques-dncens-aromafume-palo-santo.aspx,self-referential
/it/3/articoli-per-una-vita-sana.aspx,https://phoeniximport.com/it/3/articoli-per-una-vita-sana.aspx,self-referential
/it/3/fragranze/brucia-essenze-e-pietre-aromatiche.aspx,https://phoeniximport.com/it/3/fragranze/brucia-essenze-e-pietre-aromatiche.aspx,self-referential
/it/3/gioielli/portachiavi.aspx,https://phoeniximport.com/it/3/gioielli/portachiavi.aspx,self-referential
/it/3/home-living/cristalli-arcobaleno-feng-shui.aspx,https://phoeniximport.com/it/3/home-living/cristalli-arcobaleno-feng-shui.aspx,self-referential
/it/3/meditazione/cuscini-da-meditazione-rettangolari.aspx,https://phoeniximport.com/it/3/meditazione/cuscini-da-meditazione-rettangolari.aspx,self-referential
/it/3/spiritualit/chakra.aspx,https://phoeniximport.com/it/3/spiritualit/chakra.aspx,self-referential
/it/3/tessuti/stendardi-arazzi-teli.aspx,https://phoeniximport.com/it/3/tessuti/stendardi-arazzi-teli.aspx,self-referential
/it/3/yoga/incenso-yoga-premium.aspx,https://phoeniximport.com/it/3/yoga/incenso-yoga-premium.aspx,self-referential
/it/3/yoga/teli-yoga.aspx,https://phoeniximport.com/it/3/yoga/teli-yoga.aspx,self-referential
/it/4/16990/simbolo-ohm-legno-18x14-cm.aspx,https://phoeniximport.com/it/4/16990/simbolo-ohm-legno-18x14-cm.aspx,self-referential
/it/4/3276/incenso-yoga-prana-13-g.aspx,https://phoeniximport.com/it/4/3276/incenso-yoga-prana-13-g.aspx,self-referential
/it/webshop/paymentprocess/register.aspx,https://phoeniximport.com/it/webshop/paymentprocess/register.aspx,self-referential
/nl/1/klantenservice.aspx,https://www.phoeniximport.com/nl/1/klantenservice.aspx,self-referential
/nl/2/bestellen.aspx,https://www.phoeniximport.com/nl/2/bestellen.aspx,self-referential
/nl/2/bestsellers.aspx,https://phoeniximport.com/nl/3/bestsellers.aspx,source-already-in-existing-csv
/nl/2/contact.aspx,https://www.phoeniximport.com/nl/2/contact.aspx,self-referential
/nl/3/beelden.aspx,https://phoeniximport.com/nl/3/beelden.aspx,self-referential
/nl/3/biologische-producten/biologische-yogaproducten.aspx,https://phoeniximport.com/nl/3/biologische-producten/biologische-yogaproducten.aspx,self-referential
/nl/3/klankschalen-en-meer/stemvorken-klankbuizen-klankstaven.aspx,https://phoeniximport.com/nl/3/klankschalen-en-meer/stemvorken-klankbuizen-klankstaven.aspx,self-referential
/nl/3/magazijnopruiming-10-70-korting.aspx,https://phoeniximport.com/nl/3/magazijnopruiming-10-70-korting.aspx,self-referential
/nl/3/meditatie/meditatie-drinkflessen.aspx,https://phoeniximport.com/nl/3/meditatie/meditatie-drinkflessen.aspx,self-referential
/nl/3/meditatie/meditatiekussens-rond.aspx,https://phoeniximport.com/nl/3/meditatie/meditatiekussens-rond.aspx,self-referential
/nl/3/sieraden/sieraden-engelen.aspx,https://phoeniximport.com/nl/3/sieraden/sieraden-engelen.aspx,self-referential
/nl/4/02500/lavendel-bodylotion-50-ml.aspx,https://phoeniximport.com/nl/4/02500/lavendel-bodylotion-50-ml.aspx,self-referential
/nl/4/02566/shea-butter-bodylotion-300-ml.aspx,https://phoeniximport.com/nl/4/02566/shea-butter-bodylotion-300-ml.aspx,self-referential
/nl/4/0994/geursteen-boeddha-5x25x75-cm.aspx,https://phoeniximport.com/nl/4/0994/geursteen-boeddha-5x25x75-cm.aspx,self-referential
/nl/4/10108/solaris-bamboe-display.aspx,https://phoeniximport.com/nl/4/10108/solaris-bamboe-display.aspx,self-referential
/nl/4/1053/wierook-satya-chakra-15-g.aspx,https://phoeniximport.com/nl/4/1053/wierook-satya-chakra-15-g.aspx,self-referential
/nl/4/1162992/chao-gong-70-cm.aspx,https://phoeniximport.com/nl/3/klankschalen-en-meer/gongs-gongtassen-en-gongstandaards.aspx,source-already-in-existing-csv
/nl/4/12344/ultrasone-aromaverstuiver-ambience-120-ml.aspx,https://phoeniximport.com/nl/4/12344/ultrasone-aromaverstuiver-ambience-120-ml.aspx,self-referential
/nl/4/13100/vuurvaste-terracotta-schaal-17-cm.aspx,https://phoeniximport.com/nl/4/13100/vuurvaste-terracotta-schaal-17-cm.aspx,self-referential
/nl/4/13103/armband-lavaparel-elastisch-08-cm.aspx,https://phoeniximport.com/nl/4/13103/armband-lavaparel-elastisch-08-cm.aspx,self-referential
/nl/4/1338/wierook-goloka-lotus-15-g.aspx,https://phoeniximport.com/nl/4/1338/wierook-goloka-lotus-15-g.aspx,self-referential
/nl/4/1485/seleniet-spiraal-15-cm.aspx,https://phoeniximport.com/nl/4/1485/seleniet-spiraal-15-cm.aspx,self-referential
/nl/4/15688/brokaattasje-blauw.aspx,https://phoeniximport.com/nl/4/15688/brokaattasje-blauw.aspx,self-referential
/nl/4/15886/tibetaanse-cederhout-wierook-35-g.aspx,https://phoeniximport.com/nl/4/15886/tibetaanse-cederhout-wierook-35-g.aspx,self-referential
/nl/4/168553/wierookbrander-messing-bruin-75x55-cm.aspx,https://phoeniximport.com/collections/wierookhouders-en-accessoires,source-already-in-existing-csv
/nl/4/1701/wierookhars-benzoin-75-g.aspx,https://phoeniximport.com/nl/4/1701/wierookhars-benzoin-75-g.aspx,self-referential
/nl/4/17550/geurolie-in-flesjes-tester-set.aspx,https://phoeniximport.com/nl/4/17550/geurolie-in-flesjes-tester-set.aspx,self-referential
/nl/4/17576/ring-gouden-driehoek-mineralen.aspx,https://phoeniximport.com/nl/4/17576/ring-gouden-driehoek-mineralen.aspx,self-referential
/nl/4/17680/armband-7-chakra-mineralen-magnetisch.aspx,https://phoeniximport.com/nl/4/17680/armband-7-chakra-mineralen-magnetisch.aspx,self-referential
/nl/4/1847/mineralen-oplaadontlaadset-250-g.aspx,https://phoeniximport.com/nl/4/1847/mineralen-oplaadontlaadset-250-g.aspx,self-referential
/nl/4/19002/stemvorken-gebruiksaanwijzingkaart-28x43-cm.aspx,https://phoeniximport.com/nl/4/19002/stemvorken-gebruiksaanwijzingkaart-28x43-cm.aspx,self-referential
/nl/4/201/meditatiemat-hoes-zwart-65x65x5-cm.aspx,https://phoeniximport.com/nl/4/201/meditatiemat-hoes-zwart-65x65x5-cm.aspx,self-referential
/nl/4/2033/bach-rescue-gel-30-g.aspx,https://phoeniximport.com/nl/4/2033/bach-rescue-gel-30-g.aspx,self-referential
/nl/4/2124/yoga-steunblok-wigvorm-60x9x3-cm.aspx,https://phoeniximport.com/nl/4/2124/yoga-steunblok-wigvorm-60x9x3-cm.aspx,self-referential
/nl/4/2290638/oorkaarsen-thijm.aspx,https://phoeniximport.com/nl/4/2290638/oorkaarsen-thijm.aspx,self-referential
/nl/4/4024/kundalini-warmwaterkruik-wit-75x12-cm.aspx,https://phoeniximport.com/nl/4/4024/kundalini-warmwaterkruik-wit-75x12-cm.aspx,self-referential
/nl/4/6220/jumbostenen-versteend-hout-500g.aspx,https://phoeniximport.com/nl/4/6220/jumbostenen-versteend-hout-500g.aspx,self-referential
/nl/4/6229/jumbostenen-blauwe-calciet-500g.aspx,https://phoeniximport.com/nl/4/6229/jumbostenen-blauwe-calciet-500g.aspx,self-referential
/nl/4/794/soulbottle-ohm-drinkfles-600-ml.aspx,https://phoeniximport.com/nl/4/794/soulbottle-ohm-drinkfles-600-ml.aspx,self-referential
/nl/4/9639/raamsticker-kosmische-ohm-14-cm.aspx,https://phoeniximport.com/nl/4/9639/raamsticker-kosmische-ohm-14-cm.aspx,self-referential
/nl/4/9644/raamsticker-ganesha-14-cm.aspx,https://phoeniximport.com/nl/4/9644/raamsticker-ganesha-14-cm.aspx,self-referential
/nl/4/st09/edelsteenwaterstaaf-life-breath-24-cm.aspx,https://phoeniximport.com/nl/4/st09/edelsteenwaterstaaf-life-breath-24-cm.aspx,self-referential
/nl/4/st105/edelsteenwaterstaaf-maxi-larimar-25-cm.aspx,https://phoeniximport.com/nl/4/st105/edelsteenwaterstaaf-maxi-larimar-25-cm.aspx,self-referential
