Redirect 301 /pag,es,cat,z.html https://www.phoeniximport.com/ES/webshop/product_list.aspx
Redirect 301 /Cuencos-sonoros-y-accesorios,es,cat,565.html https://www.phoeniximport.com/ES/3/cuencos-sonoros-y-ms.aspx
Redirect 301 /Conos-de-incienso,es,cat,46.html https://www.phoeniximport.com/ES/3/incienso-salvia-tableta-de-carbn/conos-de-incienso.aspx
Redirect 301 /Los-mas-vendidos,es,cat,b.html https://www.phoeniximport.com/ES/2/los-ms-vendidos.aspx
Redirect 301 /Incenso-Arcangel,es,cat,706.html https://www.phoeniximport.com/ES/3/incienso-salvia-tableta-de-carbn/incenso-arcangel.aspx
Redirect 301 /Hogar-y-estilo-de-vida,es,cat,461.html https://www.phoeniximport.com/ES/3/hogar-y-estilo-de-vida.aspx
Redirect 301 /pag,es,cat,608.html https://www.phoeniximport.com/ES/1/inicio.aspx
Redirect 301 /pag,es,cat,767.html https://www.phoeniximport.com/ES/1/inicio.aspx
Redirect 301 /Cuencos-sonoros-Chopa,es,cat,492.html https://www.phoeniximport.com/ES/3/cuencos-sonoros-y-ms/cuencos-sonoros-chopa.aspx
Redirect 301 /Palos-con-Minerales-para-agua-revitalizada,es,cat,848.html https://www.phoeniximport.com/ES/3/productos-para-una-vida-sana/tubos-con-gemas-para-el-agua.aspx
Redirect 301 /Angeles-diversos-productos,es,cat,653.html https://www.phoeniximport.com/ES/3/espiritualidad/ngeles-diversos-productos.aspx
Redirect 301 /Bufandas-Pashminas-Camisetas,es,cat,664.html https://www.phoeniximport.com/ES/3/tejidos/bufandas-pashminas-camisetas.aspx
Redirect 301 /Pequenos-muebles-y-decoraciones,es,cat,580.html https://www.phoeniximport.com/ES/3/hogar-y-estilo-de-vida/pequeos-muebles-y-decoraciones.aspx
Redirect 301 /Porta-incienso-y-Quemadores-de-incienso,es,cat,607.html https://www.phoeniximport.com/ES/3/incienso-salvia-tableta-de-carbn/porta-incienso-y-quemadores-de-incienso.aspx
Redirect 301 /Oleanat-cuidado-organico-para-el-cuerpo,es,cat,787.html https://www.phoeniximport.com/ES/3/cuidado-del-cuerpo/olanat-biolgico.aspx
Redirect 301 /Cajas-de-joyas-y-bolsitas,es,cat,808.html https://www.phoeniximport.com/ES/3/joyas/accesorios-para-joyas.aspx
Redirect 301 /Cuerda-y-cordeles-accesorios-para-joyas,es,cat,534.html https://www.phoeniximport.com/ES/3/joyas/accesorios-para-joyas.aspx
Redirect 301 /Productos-de-masaje,es,cat,593.html https://www.phoeniximport.com/ES/3/cuidado-del-cuerpo/productos-de-masaje.aspx
Redirect 301 /pag,es,cat,706.html https://www.phoeniximport.com/ES/1/inicio.aspx
Redirect 301 /Productos-Flores-de-vida-Nature-Design,es,cat,678.html https://www.phoeniximport.com/ES/3/productos-para-una-vida-sana/vitalizacin-del-agua-natures-design.aspx
Redirect 301 /pag,es,cat,782.html https://www.phoeniximport.com/ES/1/inicio.aspx
Redirect 301 /pag,es,cat,648.html https://www.phoeniximport.com/ES/1/inicio.aspx
Redirect 301 /pag,es,cat,864.html https://www.phoeniximport.com/ES/1/inicio.aspx
Redirect 301 /Cuidado-corporal,es,cat,702.html https://www.phoeniximport.com/ES/3/cuidado-del-cuerpo/cuidado-corporal.aspx
Redirect 301 /Pendientes,es,cat,840.html https://www.phoeniximport.com/ES/3/joyas/pendientes.aspx
Redirect 301 /Joyas,es,cat,657.html https://www.phoeniximport.com/ES/3/joyas.aspx
Redirect 301 /pag,es,cat,438.html https://www.phoeniximport.com/ES/1/inicio.aspx
Redirect 301 /cuencos-tibetanos-OHM,es,cat,490.html https://www.phoeniximport.com/ES/3/cuencos-sonoros-y-ms/cuencos-sonoros-con-relieve.aspx
Redirect 301 /pag,es,cat,460.html https://www.phoeniximport.com/ES/1/inicio.aspx
Redirect 301 /pag,es,cat,76.html https://www.phoeniximport.com/ES/1/inicio.aspx
Redirect 301 /pag,es,cat,464.html https://www.phoeniximport.com/ES/1/inicio.aspx
Redirect 301 /Ropa-de-Yoga-Surya,es,cat,792.html https://www.phoeniximport.com/ES/3/yoga/ropa-de-yoga-surya.aspx
Redirect 301 /pag,es,cat,834.html https://www.phoeniximport.com/ES/1/inicio.aspx
Redirect 301 /pag,es,cat,360.html https://www.phoeniximport.com/ES/1/inicio.aspx
Redirect 301 /Holy-Lama-productos-naturales,es,cat,800.html https://www.phoeniximport.com/ES/3/cuidado-del-cuerpo/holy-lama-productos-naturales.aspx
Redirect 301 /Incenso-Premium-Tesoro-de-Marco-Polo,es,cat,767.html https://www.phoeniximport.com/ES/3/incienso-salvia-tableta-de-carbn/incenso-marco-polo-treasures.aspx
Redirect 301 /VitaJuwel-agua-mineralizada,es,cat,778.html https://www.phoeniximport.com/ES/3/productos-para-una-vida-sana/vitajuwel-agua-mineralizada.aspx
Redirect 301 /Cojines-de-meditacion-rectangular,es,cat,690.html https://www.phoeniximport.com/ES/3/meditacin/cojinesbolster-de-meditacin-rectangular.aspx
Redirect 301 /Accesorios-de-yoga,es,cat,595.html https://www.phoeniximport.com/ES/3/yoga.aspx
Redirect 301 /Incenso-Goloka-Ayurvedic,es,cat,759.html https://www.phoeniximport.com/ES/3/incienso-salvia-tableta-de-carbn/masala-y-inciensos-ayurvdicos.aspx
Redirect 301 /Productos-los-chakras,es,cat,337.html https://www.phoeniximport.com/ES/3/espiritualidad/productos-los-chakras.aspx
Redirect 301 /Toalla-de-yoga-antideslizante,es,cat,828.html https://www.phoeniximport.com/ES/3/yoga/toalla-de-yoga-antideslizante.aspx
Redirect 301 /Incensos-Agarbatti-Hexagram-G-R-y-mas,es,cat,614.html https://www.phoeniximport.com/ES/3/incienso-salvia-tableta-de-carbn/incensos-agarbatti-hexagram-gr-y-ms.aspx
Redirect 301 /Plantes-Parfums-Provence-Gama-de-productos,es,cat,785.html https://www.phoeniximport.com/ES/3/fragancias.aspx
