Redirect from,Redirect to
"/Mineralen-en-edelstenen,nl,cat,352.html",/collections/mineralen-en-edelstenen
"/Massageproducten,nl,cat,593.html",/collections/lichaamsverzorging
"/Wicca-en-Tarot,nl,cat,474.html",/collections/wicca-en-tarot
"/Mineralen-Edelstenen,nl,cat,352.html",/collections/mineralen-en-edelstenen
"/Biologische-yogamatten-reiniger,nl,cat,853.html",/collections/planet-pure-reinigingsproducten
"/Cds-voor-ontspanning-Dvds-voor-massage,nl,cat,283.html",/collections/gezonde-leefstijl
"/CDs-en-DVDs-voor-ontspanning,nl,cat,283.html",/collections/gezonde-leefstijl
"/Tarot-Sieraden-opbergdozen,nl,cat,808.html",/collections/sieraden-opbergdozen-en-tasjes
"/Hangers-en-halskettingen,nl,cat,780.html",/collections/hangers-en-halskettingen
"/Kaarsen-meer,nl,cat,390.html",/collections/kaarsen-en-sfeerlichten
"/Klankbuizen-Klankstaven-Klanktherapie,nl,cat,332.html",/collections/klankbuizen-en-klankstaven
"/Wierookharsen-en-wierookkruiden,nl,cat,109.html",/collections/wierookharsen-en-wierookkruiden
"/Mineralen-Edelstenen-Ruwe-Trommelstenen-Armbanden-Chakrastenen-Zoutlampen,nl,cat,352.html",/collections/mineralen-en-edelstenen
"/Stearine-Fair-Trade-kaarsen,nl,cat,413.html",/collections/kaarsen-en-sfeerlichten
"/Kaarsen-en-sfeerlichten,nl,cat,390.html",/collections/kaarsen-en-sfeerlichten
"/Yoga-producten,nl,cat,595.html",/collections/yoga
"/Klankschalen-meer-tingshas-stemvorken-klankbuizen-klankstaven-en-gongs,nl,cat,388.html",/collections/klankschalen-en-meer
"/Klankschalen-en-meer,nl,cat,388.html",/collections/klankschalen-en-meer
"/Engelen-Beelden-Angel-Star,nl,cat,378.html",/collections/beelden
"/Zorgensteentjes-Wicca-symboolsteentjes-Chakra-stenen,nl,cat,466.html",/collections/chakra-en-wicca-mineraalsets
"/Sieraden,nl,cat,657.html",/collections/sieraden
"/Wierook-Japanse-Nippon-Kodo,nl,cat,44.html",/collections/nippon-kodo-japanse-wierook
"/Yoga,nl,cat,595.html",/collections/yoga
"/Haarverzorging,nl,cat,786.html",/collections/haarverzorging
"/Hangers-Halskettingen,nl,cat,780.html",/collections/hangers-en-halskettingen
"/Bach-Bloesem-Crystal-Herbs-Remedies,nl,cat,648.html",/collections/bach-bloesem-producten
"/Klankschalen-Ishana-zwart-goud,nl,cat,509.html",/collections/klankschalen-ishana-zwart-goud
"/Diversen,nl,cat,279.html",/
"/Chakra-gerelateerde-producten,nl,cat,337.html",/collections/chakra-producten
"/Engelen-Meditatie-cds-R-vd-Wilk,nl,cat,423.html",/collections/gezonde-leefstijl
"/Massage-producten-en-instructie-dvds,nl,cat,593_0.html",/collections/lichaamsverzorging
"/Klankschalen-Zen-en-Zen-Koan,nl,cat,76.html",/collections/klankschalen-zen-koan
"/Stemvorken-Klankbuizen-Klankstaven,nl,cat,332.html",/collections/klankbuizen-en-klankstaven
"/Bloesem-Remedies-diversen,nl,cat,554.html",/collections/bach-producten-elixirs-co
"/Meditatie-Artikelen,nl,cat,389.html",/collections/meditatie
"/Mineralen-Edelstenen-en-meer,nl,cat,352.html",/collections/mineralen-en-edelstenen
"/Yoga-kleding-Heren,nl,cat,795.html",/collections/yoga
"/Attar-Parfum-Ole,de,cat,421.html",/collections/parfums-eau-de-toilettes
"/Boeddhabeelden,nl,cat,204.html",/collections/boeddha-beelden
"/pag,nl,cat,z.html",/nl
"/Wicca-Tarot,nl,cat,474.html",/collections/wicca-en-tarot
"/Wierook-witte-salie-en-houtskool,nl,cat,392.html",/collections/wierook-witte-salie-en-houtskool
"/Engel-producten,nl,cat,653.html",/collections/engel-producten
"/MEDITATIE-YOGA-PRODUCTEN,nl,cat,389.html",/collections/yoga
"/Yoga-van-Klank-Klanktherapie,nl,cat,591.html",/collections/klankschalen-en-meer
"/Sieraden-Chakras,nl,cat,779.html",/collections/sieraden-chakras
"/Gezondheid-Massage,nl,cat,435.html",/collections/lichaamsverzorging
"/Engelen-Mineralen,nl,cat,532.html",/collections/mineralen-en-edelstenen
"/Wierook-Witte-salie-Wierookhars-Houtskool-Wierookbranders,nl,cat,392.html",/collections/wierookhouders-en-accessoires
"/MEDITATIE-MINDFULLNESS-YOGA-PRODUCTEN,nl,cat,389.html",/collections/meditatie
"/Postkaarten,nl,cat,730.html",/collections/postkaarten
"/Feng-Shui-Producten,nl,cat,665.html",/collections/feng-shui-producten
"/Klankschalen-Tibetan-Designs-gegraveerd,nl,cat,717.html",/collections/klankschalen-tibetan-design
"/pag,nl,cat,782.html",/collections/sieraden-bloem-des-levens
"/pag,nl,cat,683.html",/collections/tibetaanse-wierook
"/VitaJuwel-Edelsteenwater,nl,cat,778.html",/collections/watervitalisering-vitajuwel
"/Gebedsvlaggen-Tibetaans,nl,cat,454.html",/collections/tibetaanse-producten
"/Tassen-en-tasjes,nl,cat,663.html",/collections/stationery-en-verpakkingen
/es/4/02504/champ-de-lavanda-200-ml.aspx,/collections/es-le-chatelard-1802
/ES/webshop/paymentprocess/register.aspx,/es
/it/4/14997/ganesh-statuetta-10-cm.aspx,/products/estatua-de-ganesh
/nl/4/98365/engelbeeldje-met-baby-114-cm.aspx,/collections/beelden
/de/4/11011/zelfwaardering-oasis-cd-4.aspx,/de
/de/4/1440/golden-nag-palo-santo-rucherkegel.aspx,/products/golden-nag-palo-santo-raucherkegel
/de/4/169901/ohm-symbol-holz-18x14-cm.aspx,/de
/it/3/cura-del-corpo/cura-del-corpo.aspx,/collections/cuidado-del-cuerpo
/nl/4/1823/harten-knuffelstenen-opaline-25x25-cm.aspx,/products/hart-knuffelstenen-opaliet
"/pag,nl,cat,837.html",/
