Pattern,Destination
^(.*)352.html(.*)$,https://www.phoeniximport.com/nl/3/mineralen-en-edelstenen.aspx
"^(.*)pag,,,.html(.*)$",https://www.phoeniximport.com
^(.*)20Traya(.*)$,https://www.phoeniximport.com/collections/gezonde-leefstijl
^(.*)20Oasis(.*)$,https://www.phoeniximport.com/collections/gezonde-leefstijl
^(.*)mp3(.*)$,https://www.phoeniximport.com/collections/gezonde-leefstijl
^(.*)Bedrijfsgegevens(.*)$,https://www.phoeniximport.com/nl/pages/bedrijfsgegevens
^(.*)_13302(.*)$,https://www.phoeniximport.com/collections/boeddha-beelden
^(.*)png(.*)$,https://www.phoeniximport.com
^(.*)Wierook-accessoires(.*)$,https://www.phoeniximport.com/collections/wierookhouders-en-accessoires
^(.*)_9207(.*)$,https://www.phoeniximport.com/nl/3/klankschalen-en-meer/klankschalen-chpa.aspx
^(.*)Amazing-Angel(.*)$,https://www.phoeniximport.com/nl/3/beelden/engelen-beelden-angelstar.aspx
^(.*)pdf(.*)$,https://www.phoeniximport.com
^(.*)Mandala-chakra-hanger-zilver(.*)$,https://www.phoeniximport.com/nl/3/sieraden/hangers-en-halskettingen.aspx
^(.*)Masters-Essences-Kuthumi(.*)$,https://www.phoeniximport.com/nl/3/geurproducten.aspx
^(.*)Cd-Cursus(.*)$,https://www.phoeniximport.com
^(.*)Zakje-zand(.*)$,https://www.phoeniximport.com/nl/4/10118/zakje-zand-150g.aspx
^(.*)Windgong-Feng-Shui(.*)$,https://www.phoeniximport.com/nl/3/klankschalen-en-meer/gongs-gongtassen-en-gongstandaards.aspx
^(.*)Windgong-Feng-Shui(.*)$,https://www.phoeniximport.com/nl/3/klankschalen-en-meer/gongs-gongtassen-en-gongstandaards.aspx
^(.*)13102(.*)$,https://www.phoeniximport.com/nl/3/gezonde-leefstijl/thee-or-tea.aspx
^(.*)Cd-Inner(.*)$,https://www.phoeniximport.com/collections/gezonde-leefstijl
^(.*)moederliefde(.*)$,https://www.phoeniximport.com/nl/3/beelden/engelen-beelden-angelstar.aspx
^(.*)Donuthanger(.*)$,https://www.phoeniximport.com/nl/3/sieraden/hangers-en-halskettingen.aspx
^(.*)352.html(.*)$,https://www.phoeniximport.com/nl/3/mineralen-en-edelstenen.aspx
^(.*)boeddhabeeld(.*)$,https://www.phoeniximport.com/nl/3/beelden.aspx
^(.*)engel(.*)$,https://www.phoeniximport.com/nl/3/beelden/engelen-beelden-angelstar.aspx
^(.*)biologisch(.*)$,https://www.phoeniximport.com/nl/3/biologische-producten.aspx
^(.*)lavendel(.*)$,https://www.phoeniximport.com/nl/3/geurproducten/lavendel-producten.aspx
^(.*)olieverdamper(.*)$,https://www.phoeniximport.com/nl/3/geurproducten/olieverdampers-en-geurstenen.aspx
^(.*)geursteen(.*)$,https://www.phoeniximport.com/nl/3/geurproducten/olieverdampers-en-geurstenen.aspx
^(.*)bach(.*)$,https://www.phoeniximport.com/nl/3/geurproducten/bach-essentile-olin.aspx
^(.*)netipot(.*)$,https://www.phoeniximport.com/nl/3/gezonde-leefstijl/neti-pot-en-himalayazout.aspx
^(.*)watervitalisering(.*)$,https://www.phoeniximport.com/nl/3/gezonde-leefstijl/watervitalisering-alle-producten.aspx
^(.*)warmwaterkruik(.*)$,https://www.phoeniximport.com/nl/3/gezonde-leefstijl/kundalini-warmwaterkruik.aspx
^(.*)thee(.*)$,https://www.phoeniximport.com/nl/3/gezonde-leefstijl/thee-alle-producten.aspx
^(.*)strandlaken(.*)$,https://www.phoeniximport.com/nl/3/home-living/banners-strandlakens-en-thangkas.aspx
^(.*)thangka(.*)$,https://www.phoeniximport.com/nl/3/home-living/banners-strandlakens-en-thangkas.aspx
^(.*)shui(.*)$,https://www.phoeniximport.com/nl/3/home-living/feng-shui-producten.aspx
^(.*)raamsticker(.*)$,https://www.phoeniximport.com/nl/3/home-living/raamstickers.aspx
^(.*)zoutkristallamp(.*)$,https://www.phoeniximport.com/nl/3/home-living/zoutkristallampen-en-meer.aspx
^(.*)kaars(.*)$,https://www.phoeniximport.com/nl/3/kaarsen-en-sfeerlichten.aspx
^(.*)lotussfeer(.*)$,https://www.phoeniximport.com/nl/3/kaarsen-en-sfeerlichten/lotus-sfeerlichten.aspx
^(.*)lantaarn(.*)$,https://www.phoeniximport.com/nl/3/kaarsen-en-sfeerlichten/sfeerlichten-en-lantaarns.aspx
^(.*)klankschaal(.*)$,https://www.phoeniximport.com/nl/3/klankschalen-en-meer.aspx
^(.*)alepeo(.*)$,https://www.phoeniximport.com/nl/3/lichaamsverzorging/alepeo-aleppo.aspx
^(.*)eliah(.*)$,https://www.phoeniximport.com/nl/3/lichaamsverzorging/eliah-sahil.aspx
^(.*)massage(.*)$,https://www.phoeniximport.com/nl/3/lichaamsverzorging/massageproducten.aspx
^(.*)parfum(.*)$,https://www.phoeniximport.com/nl/3/lichaamsverzorging/parfums-eau-de-toilettes.aspx
^(.*)omslagdoek(.*)$,https://www.phoeniximport.com/nl/3/meditatie/meditatie-omslagdoeken-en-accessoires.aspx
^(.*)meditatiebank(.*)$,https://www.phoeniximport.com/nl/3/meditatie/meditatiebankjes.aspx
^(.*)meditatiekussen(.*)$,https://www.phoeniximport.com/nl/3/meditatie/meditatiekussens-rond.aspx
^(.*)meditatiemat(.*)$,https://www.phoeniximport.com/nl/3/meditatie/meditatiematten-en-meditatiesets.aspx
^(.*)edelsteenhanger(.*)$,https://www.phoeniximport.com/nl/3/mineralen-en-edelstenen/edelsteenhangers-en-armbanden.aspx
^(.*)driehoek(.*)$,https://www.phoeniximport.com/nl/3/mineralen-en-edelstenen/gouden-driehoek-mineralen.aspx
^(.*)mineraalstaaf(.*)$,https://www.phoeniximport.com/nl/3/mineralen-en-edelstenen/watervitalisering-mineraalstaven.aspx
^(.*)mineraal(.*)$,https://www.phoeniximport.com/nl/3/mineralen-en-edelstenen.aspx
^(.*)trommelsteen(.*)$,https://www.phoeniximport.com/nl/3/mineralen-en-edelstenen/trommelstenen.aspx
^(.*)mineraalset(.*)$,https://www.phoeniximport.com/nl/3/mineralen-en-edelstenen/chakra-en-wicca-mineraalsets.aspx
^(.*)edelsteenlicht(.*)$,https://www.phoeniximport.com/nl/3/mineralen-en-edelstenen/zoutkristal-en-edelsteenlichten.aspx
^(.*)orgoniet(.*)$,https://www.phoeniximport.com/nl/3/mineralen-en-edelstenen/orgoniet-producten.aspx
^(.*)armband(.*)$,https://www.phoeniximport.com/nl/3/sieraden/armbanden.aspx
^(.*)halsketting(.*)$,https://www.phoeniximport.com/nl/3/sieraden/hangers-en-halskettingen.aspx
^(.*)oorbellen(.*)$,https://www.phoeniximport.com/nl/3/sieraden/oorbellen.aspx
^(.*)ring(.*)$,https://www.phoeniximport.com/nl/3/sieraden/ringen.aspx
^(.*)sierraad(.*)$,https://www.phoeniximport.com/nl/3/sieraden.aspx
^(.*)sieraad(.*)$,https://www.phoeniximport.com/nl/3/sieraden.aspx
^(.*)beschermingshanger(.*)$,https://www.phoeniximport.com/nl/3/spiritualiteit/beschermingshangers.aspx
^(.*)meridiaankogel(.*)$,https://www.phoeniximport.com/nl/3/spiritualiteit/meridiaankogels.aspx
^(.*)deurkleed(.*)$,https://www.phoeniximport.com/nl/3/spiritualiteit/kathas-altaar-en-deurkleden.aspx
^(.*)katha(.*)$,https://www.phoeniximport.com/nl/3/spiritualiteit/kathas-altaar-en-deurkleden.aspx
^(.*)altaar(.*)$,https://www.phoeniximport.com/nl/3/spiritualiteit/kathas-altaar-en-deurkleden.aspx
^(.*)pendel(.*)$,https://www.phoeniximport.com/nl/3/spiritualiteit/pendels-en-wichelroedes.aspx
^(.*)thangka(.*)$,https://www.phoeniximport.com/nl/3/spiritualiteit/thangkas.aspx
^(.*)tibetaans(.*)$,https://www.phoeniximport.com/nl/3/spiritualiteit/tibetaanse-producten.aspx
^(.*)wicca(.*)$,https://www.phoeniximport.com/nl/3/spiritualiteit/wicca-en-tarot.aspx
^(.*)tarot(.*)$,https://www.phoeniximport.com/nl/3/spiritualiteit/wicca-en-tarot.aspx
^(.*)notitieboek(.*)$,https://www.phoeniximport.com/nl/3/stationery-en-meer/notitieboeken-en-meer.aspx
^(.*)postkaart(.*)$,https://www.phoeniximport.com/collections/postkaarten
^(.*)banner(.*)$,https://www.phoeniximport.com/nl/3/textiel/banners-wandkleden-en-strandlakens.aspx
^(.*)wandkleed(.*)$,https://www.phoeniximport.com/nl/3/textiel/banners-wandkleden-en-strandlakens.aspx
^(.*)mountain(.*)$,https://www.phoeniximport.com/nl/3/textiel/the-mountain-t-shirts.aspx
^(.*)pashmina(.*)$,https://www.phoeniximport.com/nl/3/textiel/sjaals-en-pashminas.aspx
^(.*)aromafume(.*)$,https://www.phoeniximport.com/nl/3/wierook-witte-salie-en-houtskool/aromafume-wierookblokjes.aspx
^(.*)houtskool(.*)$,https://www.phoeniximport.com/nl/3/wierook-witte-salie-en-houtskool/houtskool-en-houtskoolbranders.aspx
^(.*)nippon(.*)$,https://www.phoeniximport.com/nl/3/wierook-witte-salie-en-houtskool/nippon-kodo-japanse-wierook.aspx
^(.*)marco(.*)$,https://www.phoeniximport.com/nl/3/wierook-witte-salie-en-houtskool/marco-polos-treasures-wierook.aspx
^(.*)agarbatti(.*)$,https://www.phoeniximport.com/nl/3/wierook-witte-salie-en-houtskool/agarbatti-hexagram-wierook.aspx
^(.*)wierookhars(.*)$,https://www.phoeniximport.com/nl/3/wierook-witte-salie-en-houtskool/wierookharsen-en-wierookkruiden.aspx
^(.*)champa(.*)$,https://www.phoeniximport.com/nl/3/wierook-witte-salie-en-houtskool/nag-champa-en-satya-wierook.aspx
^(.*)santo(.*)$,https://www.phoeniximport.com/nl/3/wierook-witte-salie-en-houtskool/palo-santo.aspx
^(.*)kruidenwierook(.*)$,https://www.phoeniximport.com/nl/3/wierook-witte-salie-en-houtskool/kruidenwierook-zonder-bamboe.aspx
^(.*)wierookhouder(.*)$,https://www.phoeniximport.com/collections/wierookhouders-en-accessoires
^(.*)wierookbrander(.*)$,https://www.phoeniximport.com/collections/wierookhouders-en-accessoires
^(.*)wierookkegel(.*)$,https://www.phoeniximport.com/nl/3/wierook-witte-salie-en-houtskool/wierookkegels.aspx
^(.*)smudge(.*)$,https://www.phoeniximport.com/nl/3/wierook-witte-salie-en-houtskool/witte-salie-en-smudges.aspx
^(.*)yogamat(.*)$,https://www.phoeniximport.com/nl/3/yoga/yogamatten.aspx
^(.*)bolster(.*)$,https://www.phoeniximport.com/nl/3/yoga/yoga-bolsters.aspx
^(.*)prop(.*)$,https://www.phoeniximport.com/nl/3/yoga/yoga-props-kurk.aspx
^(.*)yogariem(.*)$,https://www.phoeniximport.com/nl/3/yoga/yogariemen-en-yogawiel.aspx
^(.*)yogawiel(.*)$,https://www.phoeniximport.com/nl/3/yoga/yogariemen-en-yogawiel.aspx
^(.*)broek(.*)$,https://www.phoeniximport.com/nl/3/yoga/alle-yogakleding.aspx
^(.*)yogashirt(.*)$,https://www.phoeniximport.com/nl/3/yoga/alle-yogakleding.aspx
^(.*)legging(.*)$,https://www.phoeniximport.com/nl/3/yoga/alle-yogakleding.aspx
^(.*)capri(.*)$,https://www.phoeniximport.com/nl/3/yoga/alle-yogakleding.aspx
^(.*)handdoek(.*)$,https://www.phoeniximport.com/nl/3/yoga/yoga-handdoeken.aspx
