lang,src_url,tgt_url,shopify_url,match_pass,src_handle_similarity,note
es,/bolsa-agua-caliente-yuyu-rayas-naranja-ninosescato.html.aspx,/es/3/tejidos/bolsos.aspx,/collections/bolsas,fuzzy,0.20,src slug and chosen handle are dissimilar
nl,/nl/3/biologische-producten/biologische-lippenbalsem.aspx,/nl/3/lichaamsverzorging/gezichtsverzorging.aspx,/collections/gezichtsverzorging,exact,0.24,src slug and chosen handle are dissimilar
en,/en/3/meditation/meditation-support-cushions.aspx,/en/3/meditation/meditation-shawls-and-accessories.aspx,/collections/meditation-shawls-and-accessories,exact,0.50,src slug and chosen handle are dissimilar
nl,/nl/3/yoga/yoga-kleding-bali-spirit.aspx,/nl/3/yoga/alle-yogakleding.aspx,/collections/yoga,parent,0.29,src slug and chosen handle are dissimilar
de,/de/3/yoga/yogakleidung-bali-spirit.aspx,/de/3/yoga/alle-yogakleidung.aspx,/collections/yoga-produkte,parent,0.38,src slug and chosen handle are dissimilar
es,/es/3/yoga/ropa-de-yoga-bali-spirit.aspx,/es/3/yoga/todas-la-ropas-de-yoga.aspx,/collections/articulos-de-yoga,parent,0.49,src slug and chosen handle are dissimilar
fr,/fr/3/yoga/vtements-de-yoga-bali-spirit.aspx,/fr/3/yoga/tous-les-vtements-de-yoga.aspx,/collections/accessoires-de-yoga,parent,0.47,src slug and chosen handle are dissimilar
it,/it/3/yoga/abbigliamento-yoga-bali-spirit.aspx,/it/3/yoga/tutto-per-labbigliamento-yoga.aspx,/collections/prodotti-yoga,parent,0.28,src slug and chosen handle are dissimilar
it,/it/3/articoli-per-una-vita-sana/holy-lama-gocce-di-spezie.aspx,/it/3/articoli-per-una-vita-sana.aspx,/collections/articoli-per-una-vita-sana,exact,0.31,src slug and chosen handle are dissimilar
fr,/fr/3/produits-pour-une-vie-saine/holy-lama-gouttes-dpice.aspx,/fr/3/produits-pour-une-vie-saine.aspx,/collections/produits-pour-une-vie-saine,exact,0.32,src slug and chosen handle are dissimilar
es,/es/3/productos-para-una-vida-sana/holy-lama-gotas-de-especias.aspx,/es/3/productos-para-una-vida-sana.aspx,/collections/productos-para-una-vida-sana,exact,0.29,src slug and chosen handle are dissimilar
en,/en/3/healthy-lifestyle/holy-lama-spice-drops.aspx,/en/3/healthy-lifestyle.aspx,/collections/healthy-lifestyle,exact,0.37,src slug and chosen handle are dissimilar
de,/de/3/gesunde-lebensweise/holy-lama-spice-drops.aspx,/de/3/gesunde-lebensweise.aspx,/collections/gesunde-lebensweise,exact,0.25,src slug and chosen handle are dissimilar
nl,/nl/3/gezonde-leefstijl/holy-lama-spice-drops.aspx,/nl/3/gezonde-leefstijl.aspx,/collections/gezonde-leefstijl,exact,0.26,src slug and chosen handle are dissimilar
nl,/nl/3/textiel/the-mountain-t-shirts.aspx,/nl/3/textiel.aspx,/collections/textiel,exact,0.29,src slug and chosen handle are dissimilar
de,/de/3/textilien/the-mountain-t-shirts.aspx,/de/3/textilien.aspx,/collections/textilien,exact,0.20,src slug and chosen handle are dissimilar
en,/en/3/textiles/the-mountain-t-shirts.aspx,/en/3/textiles.aspx,/collections/textiles,exact,0.34,src slug and chosen handle are dissimilar
es,/es/3/textiles/camisetas-the-mountain.aspx,/es/3/textiles.aspx,/collections/tejidos,exact,0.14,src slug and chosen handle are dissimilar
fr,/fr/3/textiles/mountain-t-shirts.aspx,/fr/3/textiles.aspx,/collections/tissus,exact,0.17,src slug and chosen handle are dissimilar
it,/it/3/tessuti/mountain-t-shirts.aspx,/it/3/tessuti.aspx,/collections/tessuti,exact,0.25,src slug and chosen handle are dissimilar
en,/en/3/fragrance-products/aromafume-essential-oils.aspx,/en/3/fragrance-products/aromafume-fragrance-products.aspx,/collections/aromafume-fragrance-products,exact,0.46,src slug and chosen handle are dissimilar
nl,/nl/3/yoga/yoga-kleding-surya.aspx,/nl/3/yoga/yoga-kleding-dames.aspx,/collections/yoga,exact,0.36,src slug and chosen handle are dissimilar
de,/de/3/yoga/yogakleidung-surya.aspx,/de/3/yoga/yogakleidung-damen.aspx,/collections/yoga-produkte,exact,0.39,src slug and chosen handle are dissimilar
nl,/nl/3/klankschalen-en-meer/klankschaal-accessoires.aspx,/nl/3/klankschalen-en-meer/accessoires-metalen-klankschalen.aspx,/collections/accessoires-metalen-klankschalen,exact,0.40,src slug and chosen handle are dissimilar
en,/en/3/singing-bowls-and-more/singing-bowl-accessories.aspx,/en/3/singing-bowls-and-more/accessories-metal-singing-bowls.aspx,/collections/accessories-metal-singing-bowls,exact,0.47,src slug and chosen handle are dissimilar
es,/es/3/cuencos-tibetanos-y-ms/cuencos-cantores-y-accesorios.aspx,/es/3/cuencos-tibetanos-y-ms/accesorios-para-cuencos-de-metal.aspx,/collections/accesorios-para-cuencos-de-metal,exact,0.33,src slug and chosen handle are dissimilar
nl,/nl/3/mineralen-en-edelstenen/zoutkristal-en-edelsteenlichten.aspx,/nl/3/mineralen-en-edelstenen/edelsteen-en-seleniet-lampen.aspx,/collections/edelsteen-en-seleniet-lampen,exact,0.37,src slug and chosen handle are dissimilar
en,/en/3/healthy-lifestyle/thee-numi-thee-biologisch.aspx,/en/3/healthy-lifestyle.aspx,/collections/healthy-lifestyle,exact,0.19,src slug and chosen handle are dissimilar
de,/de/3/krperpflege/anas-crystal-skincare.aspx,/de/3/krperpflege/krperpflege.aspx,/collections/korperpflege,fuzzy,0.18,src slug and chosen handle are dissimilar
nl,/nl/3/gezonde-leefstijl/cds-en-dvds-voor-ontspanning.aspx,/nl/3/gezonde-leefstijl.aspx,/collections/gezonde-leefstijl,exact,0.22,src slug and chosen handle are dissimilar
de,/de/3/gesunde-lebensweise/cds-und-dvds-zur-entspannung.aspx,/de/3/gesunde-lebensweise.aspx,/collections/gesunde-lebensweise,exact,0.34,src slug and chosen handle are dissimilar
en,/en/3/healthy-lifestyle/cds-and-dvds-for-relaxation.aspx,/en/3/healthy-lifestyle.aspx,/collections/healthy-lifestyle,exact,0.09,src slug and chosen handle are dissimilar
es,/es/3/productos-para-una-vida-sana/cd-y-dvd-para-relajarse.aspx,/es/3/productos-para-una-vida-sana.aspx,/collections/productos-para-una-vida-sana,exact,0.39,src slug and chosen handle are dissimilar
fr,/fr/3/produits-pour-une-vie-saine/cd-et-dvd-pour-la-relaxation.aspx,/fr/3/produits-pour-une-vie-saine.aspx,/collections/produits-pour-une-vie-saine,exact,0.36,src slug and chosen handle are dissimilar
it,/it/3/articoli-per-una-vita-sana/cd-e-dvd-per-il-rilassamento.aspx,/it/3/articoli-per-una-vita-sana.aspx,/collections/articoli-per-una-vita-sana,exact,0.41,src slug and chosen handle are dissimilar
es,/es/3/tejidos/camisetas-mountain.aspx,/es/3/textiles.aspx,/collections/tejidos,exact,0.16,src slug and chosen handle are dissimilar
nl,/nl/3/mineralen-en-edelstenen/edelsteen-harten-en-meer.aspx,/nl/3/mineralen-en-edelstenen/zorgenstenen-en-knuffelstenen.aspx,/collections/zorgenstenen-en-knuffelstenen,exact,0.49,src slug and chosen handle are dissimilar
de,/de/3/mineralien-und-edelsteine/mineralien-herzen-engel-und-mehr.aspx,/de/3/mineralien-und-edelsteine/sorgensteine.aspx,/collections/sorgensteine,exact,0.14,src slug and chosen handle are dissimilar
es,/es/3/minerales-y-gemas/piedras-en-forma-de-corazn-ngeles-y-ms.aspx,/es/3/minerales-y-gemas/piedra-de-pulgar.aspx,/collections/piedra-de-pulgar,exact,0.41,src slug and chosen handle are dissimilar
nl,/nl/3/gezonde-leefstijl/thee-english-tea-shop-biologisch.aspx,/nl/3/gezonde-leefstijl/thee-alle-producten.aspx,/collections/thee-alle-producten,exact,0.27,src slug and chosen handle are dissimilar
de,/de/3/gesunde-lebensweise/tee-english-tea-shop-biologisch.aspx,/de/3/gesunde-lebensweise/tee-alle-produkte.aspx,/collections/tee-alle-produkte,exact,0.33,src slug and chosen handle are dissimilar
en,/en/3/healthy-lifestyle/tea-english-tea-shop-organic.aspx,/en/3/healthy-lifestyle/tea-all-products.aspx,/collections/tea-all-products,exact,0.27,src slug and chosen handle are dissimilar
es,/es/3/productos-para-una-vida-sana/english-tea-shop-t-orgnico.aspx,/es/3/productos-para-una-vida-sana/t-y-artculos-relacionados.aspx,/collections/te-y-articulos-relacionados,exact,0.26,src slug and chosen handle are dissimilar
fr,/fr/3/produits-pour-une-vie-saine/english-tea-shop-th-biologique.aspx,/fr/3/produits-pour-une-vie-saine/th-et-accessoires.aspx,/collections/the-et-accessoires,exact,0.21,src slug and chosen handle are dissimilar
it,/it/3/articoli-per-una-vita-sana/t-english-tea-shop-biologico.aspx,/it/3/articoli-per-una-vita-sana/t-e-articoli-correlati.aspx,/collections/te-e-articoli-correlati,exact,0.31,src slug and chosen handle are dissimilar
de,/de/3/gesunde-lebensweise/tee-fiore-doriente.aspx,/de/3/gesunde-lebensweise.aspx,/collections/gesunde-lebensweise,exact,0.38,src slug and chosen handle are dissimilar
nl,/nl/3/mineralen-en-edelstenen/mineralen-chips-tot-2-cm.aspx,/nl/3/mineralen-en-edelstenen/trommelstenen-mini-chips.aspx,/collections/trommelstenen-mini+chips,exact,0.33,src slug and chosen handle are dissimilar
en,/en/3/minerals-and-gemstones/mineral-chips-up-to-2-cms.aspx,/en/3/minerals-and-gemstones/tumbled-stones-mini-chips.aspx,/collections/tumbled-stones-mini+chips,exact,0.32,src slug and chosen handle are dissimilar
es,/es/3/minerales-y-gemas/chips-de-minerales-hasta-2-cm.aspx,/es/3/minerales-y-gemas/mini-piedras-pulidas-chips.aspx,/collections/mini-piedras-pulidas+chips,exact,0.18,src slug and chosen handle are dissimilar
it,/it/3/minerali-e-pietre-dure/scaglie-minerali-fino-a-2-cm.aspx,/it/3/minerali-e-pietre-dure/pietre-burattate-mini-chips.aspx,/collections/pietre-burattate-mini+chips,exact,0.29,src slug and chosen handle are dissimilar
de,/de/3/mineralien-und-edelsteine/mineralienchips-bis-2-cm.aspx,/de/3/mineralien-und-edelsteine/trommelsteine-mini-chips.aspx,/collections/trommelsteine-mini+chips,exact,0.38,src slug and chosen handle are dissimilar
fr,/fr/3/minraux-et-pierres-prcieuses/chips-de-minraux-jusqu-2-cm.aspx,/fr/3/minraux-et-pierres-prcieuses/pierres-polies-mini-chips.aspx,/collections/pierres-polies-mini+chips,exact,0.19,src slug and chosen handle are dissimilar
de,/de/3/duftprodukte/aroma-l-zerstuber.aspx,/de/3/duftprodukte/aroma-diffuser.aspx,/collections/aroma-diffuser,exact,0.52,src slug and chosen handle are dissimilar
en,/en/3/body-care/maroma-fair-trade-body-care.aspx,/en/3/body-care/body-care.aspx,/collections/body-care,fuzzy,0.50,src slug and chosen handle are dissimilar
it,/it/3/cura-del-corpo/maroma-cura-corpo-fair-trade.aspx,/it/3/cura-del-corpo.aspx,/collections/cura-del-corpo,exact,0.48,src slug and chosen handle are dissimilar
nl,/nl/3/yoga/yoga-kleding-kidneykaren.aspx,/nl/3/yoga/alle-yogakleding.aspx,/collections/yoga,parent,0.29,src slug and chosen handle are dissimilar
de,/de/3/yoga/yogakleidung-kidneykaren.aspx,/de/3/yoga/alle-yogakleidung.aspx,/collections/yoga-produkte,parent,0.43,src slug and chosen handle are dissimilar
es,/es/3/yoga/ropa-de-yoga-kidneykaren.aspx,/es/3/yoga/todas-la-ropas-de-yoga.aspx,/collections/articulos-de-yoga,parent,0.49,src slug and chosen handle are dissimilar
fr,/fr/3/yoga/vtements-de-yoga-kidneykaren.aspx,/fr/3/yoga/tous-les-vtements-de-yoga.aspx,/collections/accessoires-de-yoga,parent,0.47,src slug and chosen handle are dissimilar
it,/it/3/yoga/abbigliamento-yoga-kidneykaren.aspx,/it/3/yoga/tutto-per-labbigliamento-yoga.aspx,/collections/prodotti-yoga,parent,0.28,src slug and chosen handle are dissimilar
en,/en/3/healthy-lifestyle/crystal-herbs-remedies-and-essences.aspx,/en/3/healthy-lifestyle/bach-remedies-only-sold-in-nl.aspx,/collections/healthy-lifestyle,exact,0.19,src slug and chosen handle are dissimilar
de,/de/3/gesunde-lebensweise/crystal-herbs-bltenessenzen.aspx,/de/3/gesunde-lebensweise/bachblten-verkauf-nur-in-nl.aspx,/collections/gesunde-lebensweise,exact,0.39,src slug and chosen handle are dissimilar
es,/es/3/productos-para-una-vida-sana/crystal-herbs-remedios-y-esencias-floreales.aspx,/es/3/productos-para-una-vida-sana/remedios-de-bach-slo-se-venden-en-holanda.aspx,/collections/productos-para-una-vida-sana,exact,0.25,src slug and chosen handle are dissimilar
fr,/fr/3/produits-pour-une-vie-saine/crystal-herbs-remdes-et-essences-de-fleur.aspx,/fr/3/produits-pour-une-vie-saine/remdes-de-bach-vendus-seulement-en-hollande.aspx,/collections/produits-pour-une-vie-saine,exact,0.29,src slug and chosen handle are dissimilar
it,/it/3/articoli-per-una-vita-sana/rimedi-crystal-herbs-flower-essenze.aspx,/it/3/articoli-per-una-vita-sana/rimedi-di-bach-venduti-solo-in-olanda.aspx,/collections/articoli-per-una-vita-sana,exact,0.30,src slug and chosen handle are dissimilar
nl,/nl/3/lichaamsverzorging/alepeo-aleppo.aspx,/nl/3/lichaamsverzorging.aspx,/collections/lichaamsverzorging,exact,0.19,src slug and chosen handle are dissimilar
de,/de/3/krperpflege/alepeo-aleppo.aspx,/de/3/krperpflege/krperpflege.aspx,/collections/korperpflege,fuzzy,0.24,src slug and chosen handle are dissimilar
en,/en/3/body-care/alepeo-aleppo.aspx,/en/3/body-care/body-care.aspx,/collections/body-care,fuzzy,0.18,src slug and chosen handle are dissimilar
es,/es/3/cuidado-del-cuerpo/alepo-alepo.aspx,/es/3/cuidado-del-cuerpo.aspx,/collections/cuidado-del-cuerpo,exact,0.34,src slug and chosen handle are dissimilar
fr,/fr/3/soin-du-corps/alepeo-alepp.aspx,/fr/3/soin-du-corps/soin-du-corps.aspx,/collections/soin-du-corps,fuzzy,0.08,src slug and chosen handle are dissimilar
it,/it/3/cura-del-corpo/alepeo-aleppo.aspx,/it/3/cura-del-corpo.aspx,/collections/cura-del-corpo,exact,0.37,src slug and chosen handle are dissimilar
de,/de/3/spiritualitt/pendel-und-wnschelruten.aspx,/de/3/spiritualitt/pendel-fr-profis.aspx,/collections/pendel-fur-profis,exact,0.50,src slug and chosen handle are dissimilar
es,/es/3/espiritualidad/pndulos-y-varillas-de-zahor.aspx,/es/3/espiritualidad/pndulos-para-profesionales.aspx,/collections/pendulos-para-profesionales,exact,0.48,src slug and chosen handle are dissimilar
fr,/fr/3/spiritualit/radiesthsie-pendules-baguettes-de-sourcier.aspx,/fr/3/spiritualit/pendules-pour-professionnels.aspx,/collections/pendules-pour-professionnels,exact,0.40,src slug and chosen handle are dissimilar
it,/it/3/spiritualita/radiestesia-bacchette-da-rabdomante.aspx,/it/3/spiritualita/pendoli-per-professionisti.aspx,/collections/pendoli-per-professionisti,exact,0.20,src slug and chosen handle are dissimilar
fr,/fr/3/papeterie-et-emballage/rcipients-bocaux-botes.aspx,/fr/3/papeterie-et-emballage/conteneurs-pots-botes-sacs.aspx,/collections/conteneurs-pots-boîtes-sacs,exact,0.45,src slug and chosen handle are dissimilar
nl,/nl/3/yoga/yoga-kleding-yogamasti.aspx,/nl/3/yoga/alle-yogakleding.aspx,/collections/yoga,parent,0.31,src slug and chosen handle are dissimilar
de,/de/3/yoga/yogakleidung-yogamasti.aspx,/de/3/yoga/alle-yogakleidung.aspx,/collections/yoga-produkte,parent,0.40,src slug and chosen handle are dissimilar
es,/es/3/yoga/ropa-de-yoga-yogamasti.aspx,/es/3/yoga/todas-la-ropas-de-yoga.aspx,/collections/articulos-de-yoga,parent,0.51,src slug and chosen handle are dissimilar
fr,/fr/3/yoga/vtements-de-yoga-yogamasti.aspx,/fr/3/yoga/tous-les-vtements-de-yoga.aspx,/collections/accessoires-de-yoga,parent,0.49,src slug and chosen handle are dissimilar
it,/it/3/yoga/abbigliamento-yoga-yogamasti.aspx,/it/3/yoga/tutto-per-labbigliamento-yoga.aspx,/collections/prodotti-yoga,parent,0.29,src slug and chosen handle are dissimilar
nl,/nl/3/klankschalen-en-meer/tingshas-drums-dorje-en-bel.aspx,/nl/3/klankschalen-en-meer/sound-healing-instrumenten.aspx,/collections/sound-healing-instrumenten,exact,0.38,src slug and chosen handle are dissimilar
en,/en/3/singing-bowls-and-more/tingshas-drums-dorje-and-bell.aspx,/en/3/singing-bowls-and-more/sound-healing-instruments.aspx,/collections/sound-healing-instruments,exact,0.30,src slug and chosen handle are dissimilar
de,/de/3/klangschalen-und-mehr/tingshas-trommeln-dorje-und-glocke.aspx,/de/3/klangschalen-und-mehr/instrumente-zur-klangheilung.aspx,/collections/instrumente-zur-klangheilung,exact,0.42,src slug and chosen handle are dissimilar
es,/es/3/cuencos-tibetanos-y-ms/tingshas-dorje-y-campana-tambores.aspx,/es/3/cuencos-tibetanos-y-ms/instrumentos-de-sanacin-con-sonido.aspx,/collections/instrumentos-de-sanacion-con-sonido,exact,0.41,src slug and chosen handle are dissimilar
fr,/fr/3/bols-chantants-et-plus/tingshas-dorje-cloches-tambours.aspx,/fr/3/bols-chantants-et-plus/instruments-de-gurison-sonore.aspx,/collections/instruments-de-guerison-sonore,exact,0.30,src slug and chosen handle are dissimilar
it,/it/3/campane-e-altro/cimbali-tamburi-dorje-e-campana.aspx,/it/3/campane-tibetane-e-altro/strumenti-musicali-terapeutici-allingrosso.aspx,/collections/strumenti-musicali-terapeutici-allingrosso,exact,0.30,src slug and chosen handle are dissimilar
nl,/nl/3/lichaamsverzorging/skins-restaurant.aspx,/nl/3/lichaamsverzorging.aspx,/collections/lichaamsverzorging,exact,0.18,src slug and chosen handle are dissimilar
de,/de/3/krperpflege/skins-restaurant.aspx,/de/3/krperpflege/krperpflege.aspx,/collections/korperpflege,fuzzy,0.29,src slug and chosen handle are dissimilar
en,/en/3/body-care/skins-restaurant.aspx,/en/3/body-care.aspx,/collections/body-care,exact,0.24,src slug and chosen handle are dissimilar
es,/es/3/cuidado-del-cuerpo/skins-restaurant.aspx,/es/3/cuidado-del-cuerpo.aspx,/collections/cuidado-del-cuerpo,exact,0.18,src slug and chosen handle are dissimilar
fr,/fr/3/soin-du-corps/skins-restaurant.aspx,/fr/3/soin-du-corps.aspx,/collections/soin-du-corps,exact,0.28,src slug and chosen handle are dissimilar
it,/it/3/cura-del-corpo/skins-restaurant.aspx,/it/3/cura-del-corpo.aspx,/collections/cura-del-corpo,exact,0.20,src slug and chosen handle are dissimilar
it,/it/3/cura-del-corpo/dentifricio-e-cura-dei-denti.aspx,/it/3/cura-del-corpo/igiene-orale-e-del-naso.aspx,/collections/igiene-orale-e-del-naso,exact,0.39,src slug and chosen handle are dissimilar
es,/es/3/cuidado-del-cuerpo/pasta-de-dientes-y-cuidado-dental.aspx,/es/3/cuidado-del-cuerpo/higiene-bucodental-y-nasal.aspx,/collections/higiene-bucodental-y-nasal,exact,0.44,src slug and chosen handle are dissimilar
fr,/fr/3/soin-du-corps/dentifrice-et-soins-dentaires.aspx,/fr/3/soin-du-corps/soins-de-la-gorge-du-nez-et-des-dents.aspx,/collections/soins-de-la-gorge-du-nez-et-des-dents,exact,0.33,src slug and chosen handle are dissimilar
en,/en/3/body-care/toothpaste-and-dental-care.aspx,/en/3/body-care/oral-hygiene.aspx,/collections/oral-hygiene,exact,0.26,src slug and chosen handle are dissimilar
nl,/nl/3/gezonde-leefstijl/thee-fiore-doriente-biologisch.aspx,/nl/3/gezonde-leefstijl.aspx,/collections/gezonde-leefstijl,exact,0.21,src slug and chosen handle are dissimilar
en,/en/3/healthy-lifestyle/tea-fiore-doriente-organic.aspx,/en/3/healthy-lifestyle.aspx,/collections/healthy-lifestyle,exact,0.28,src slug and chosen handle are dissimilar
es,/es/3/productos-para-una-vida-sana/t-fiore-doriente.aspx,/es/3/productos-para-una-vida-sana.aspx,/collections/productos-para-una-vida-sana,exact,0.23,src slug and chosen handle are dissimilar
fr,/fr/3/produits-pour-une-vie-saine/th-fiore-doriente.aspx,/fr/3/produits-pour-une-vie-saine.aspx,/collections/produits-pour-une-vie-saine,exact,0.45,src slug and chosen handle are dissimilar
it,/it/3/articoli-per-una-vita-sana/t-fiore-doriente.aspx,/it/3/articoli-per-una-vita-sana.aspx,/collections/articoli-per-una-vita-sana,exact,0.24,src slug and chosen handle are dissimilar
nl,/nl/3/geurproducten/bach-essentile-olin.aspx,/nl/3/geurproducten/alle-etherische-olin.aspx,/collections/alle-etherische-olien,exact,0.45,src slug and chosen handle are dissimilar
nl,/nl/3/lichaamsverzorging/cannacura-hennep-producten.aspx,/nl/3/lichaamsverzorging.aspx,/collections/lichaamsverzorging,exact,0.14,src slug and chosen handle are dissimilar
de,/de/3/krperpflege/cannacura-hanfprodukte.aspx,/de/3/krperpflege/krperpflege.aspx,/collections/korperpflege,fuzzy,0.18,src slug and chosen handle are dissimilar
en,/en/3/body-care/cannacura-hemp-products.aspx,/en/3/body-care.aspx,/collections/body-care,exact,0.25,src slug and chosen handle are dissimilar
es,/es/3/cuidado-del-cuerpo/productos-de-camo-cannacura.aspx,/es/3/cuidado-del-cuerpo.aspx,/collections/cuidado-del-cuerpo,exact,0.31,src slug and chosen handle are dissimilar
fr,/fr/3/soin-du-corps/cannacura-produits-de-chanvre.aspx,/fr/3/soin-du-corps.aspx,/collections/soin-du-corps,exact,0.33,src slug and chosen handle are dissimilar
it,/it/3/cura-del-corpo/cannacura-prodotti-alla-canapa.aspx,/it/3/cura-del-corpo.aspx,/collections/cura-del-corpo,exact,0.45,src slug and chosen handle are dissimilar
de,/de/3/home-living/fahnen-strandtcher-und-thangkas.aspx,/de/3/textilien/tapisserien-und-stranddecke.aspx,/collections/tapisserien-und-stranddecke,exact,0.41,src slug and chosen handle are dissimilar
fr,/fr/3/maison-dco/drapeaux-serviettes-de-plage-et-thankas.aspx,/fr/3/textiles/bannires-tentures-murales-et-coussins.aspx,/collections/bannieres-tentures-murales-et-coussins,exact,0.42,src slug and chosen handle are dissimilar
nl,/nl/3/spiritualiteit/thangkas.aspx,/nl/3/textiel/banners-wandkleden-en-strandlakens.aspx,/collections/banners-wandkleden-en-strandlakens,exact,0.24,src slug and chosen handle are dissimilar
de,/de/3/spiritualitt/thangkas.aspx,/de/3/textilien/tapisserien-und-stranddecke.aspx,/collections/tapisserien-und-stranddecke,exact,0.23,src slug and chosen handle are dissimilar
en,/en/3/spirituality/thangkas.aspx,/en/3/textiles/banners-wall-hangings-beachtowels.aspx,/collections/banners-wall-hangings-beachtowels,exact,0.29,src slug and chosen handle are dissimilar
it,/it/3/spiritualita/thangke.aspx,/it/3/tessuti/stendardi-arazzi-teli.aspx,/collections/stendardi-arazzi-teli,exact,0.21,src slug and chosen handle are dissimilar
nl,/nl/3/gezonde-leefstijl/thee-numi-thee-biologisch.aspx,/nl/3/gezonde-leefstijl.aspx,/collections/gezonde-leefstijl,exact,0.19,src slug and chosen handle are dissimilar
de,/de/3/gesunde-lebensweise/tee-numi-tee-biologisch.aspx,/de/3/gesunde-lebensweise.aspx,/collections/gesunde-lebensweise,exact,0.33,src slug and chosen handle are dissimilar
es,/es/3/productos-para-una-vida-sana/t-numi-t-orgnico.aspx,/es/3/productos-para-una-vida-sana.aspx,/collections/productos-para-una-vida-sana,exact,0.27,src slug and chosen handle are dissimilar
it,/it/3/articoli-per-una-vita-sana/t-numi-thee-biologico.aspx,/it/3/articoli-per-una-vita-sana.aspx,/collections/articoli-per-una-vita-sana,exact,0.17,src slug and chosen handle are dissimilar
de,/de/3/gesunde-lebensweise/or-tea-tee.aspx,/de/3/gesunde-lebensweise/tee-alle-produkte.aspx,/collections/tee-alle-produkte,exact,0.22,src slug and chosen handle are dissimilar
fr,/fr/3/produits-pour-une-vie-saine/th-or-tea.aspx,/fr/3/produits-pour-une-vie-saine/th-et-accessoires.aspx,/collections/the-et-accessoires,exact,0.44,src slug and chosen handle are dissimilar
nl,/nl/3/gezonde-leefstijl/thee-solaris-biologisch.aspx,/nl/3/gezonde-leefstijl/thee-alle-producten.aspx,/collections/thee-alle-producten,exact,0.33,src slug and chosen handle are dissimilar
de,/de/3/gesunde-lebensweise/biologischer-tee-solaris.aspx,/de/3/gesunde-lebensweise/tee-alle-produkte.aspx,/collections/tee-alle-produkte,exact,0.24,src slug and chosen handle are dissimilar
en,/en/3/healthy-lifestyle/tea-solaris-organic.aspx,/en/3/healthy-lifestyle/tea-all-products.aspx,/collections/tea-all-products,exact,0.29,src slug and chosen handle are dissimilar
fr,/fr/3/produits-pour-une-vie-saine/th-solaris-biologique.aspx,/fr/3/produits-pour-une-vie-saine/th-et-accessoires.aspx,/collections/the-et-accessoires,exact,0.36,src slug and chosen handle are dissimilar
it,/it/3/articoli-per-una-vita-sana/t-solaris-organico.aspx,/it/3/articoli-per-una-vita-sana/t-e-articoli-correlati.aspx,/collections/te-e-articoli-correlati,exact,0.34,src slug and chosen handle are dissimilar
