sku,en_slug,nl_slug
21174,himalayan-salt-stone-heart-200-250g,himalaya-zoutsteen-hart-200-250g
21175,himalayan-salt-stone-round-200-250g,himalaya-zoutsteen-rond-200-250g
21176,himalayan-salt-stone-rectangle-200-250g,himalaya-zoutsteen-rechthoek-200-250g
2290905,ear-candles-vegan-45g,oorkaarsen-vegan-45g
904035,olanat-face-cream-with-donkey-milk-bio-50ml,olanat-gezichtscrme-met-ezelinnenmelk-bio-50ml
904036,olanat-face-cleanser-foam-with-organic-donkey-milk--100ml,olanat-gezichtsreiniging-ezelinnenmelk-bio-100ml
22256,short-bbe-holy-lama-ayurvedic-massage-oil-everfresh-100-ml,korte-tht-holy-lama-ayurvedische-massage-olie-everfresh-100-ml
22257,short-bbe-holy-lama-ayurvedic-massage-oil-bliss-100-ml,korte-tht-holy-lama-ayurvedische-massage-olie-bliss-100-ml
22258,short-bbe-holy-lama-ayurvedic-massage-oil-enhance-100-ml,korte-tht-holy-lama-ayurvedische-massage-olie-enhance-100-ml
22259,short-bbe-holy-lama-ayurvedic-massage-coconut-oil-200-ml,korte-tht-holy-lama-ayurvedische-massage-kokosolie-200-ml
64841,carnatia-magic-within-you-soy-wax-candle-believe-in-miracles-80-g,carnatia-magic-within-you-sojawaskaars-believe-in-miracles-80-g
64842,carnatia-magic-within-you-soy-wax-candle-chase-your-dreams-80-g,carnatia-magic-within-you-sojawaskaars-chase-your-dreams-80-g
64843,carnatia-magic-within-you-soy-wax-candle-embrace-harmony-80-g,carnatia-magic-within-you-sojawaskaars-embrace-harmony-80-g
64844,carnatia-magic-within-you-soy-wax-candle-find-your-centre-80-g,carnatia-magic-within-you-sojawaskaars-find-your-centre-80-g
64845,carnatia-magic-within-you-soy-wax-candle-rise-renew-flourish-80-g,carnatia-magic-within-you-sojawaskaars-rise-renew-flourish-80-g
64846,carnatia-magic-within-you-soy-wax-candle-seek-your-truth-80-g,carnatia-magic-within-you-sojawaskaars-seek-your-truth-80-g
64878,scented-soy-candle-muladhara-chakra-pine-cedarwood-130g,soja-geurkaars-muladhara-chakra-den-cederhout-130g
64879,scented-soy-candle-svadhisthana-chakra-orange-blossom-sandal-130g,soja-geurkaars-svadhisthana-chakra-oranjebloesem-sandelhout-130g
64880,scented-soy-candle-manipura-chakra-green-tea-lemongrass-130g,soja-geurkaars-manipura-chakra-groene-thee-citroengras-130g
64881,scented-soy-candle-anahata-chakra-jasmin-saffron-130g,soja-geurkaars-anahata-chakra-jasmijn-saffraan-130g
64882,scented-soy-candle-vishuddha-chakra-peppermint-eucalyptus-130g,soja-geurkaars-vishuddha-chakra-pepermunt-eucalyptus-130g
64883,scented-soy-candle-ajna-chakra-lavender-tierra-130g,soja-geurkaars-ajna-chakra-lavendel-tierra-130g
64884,scented-soy-candle-sahasrara-chakra-oud-amber-130g,soja-geurkaars-sahasrara-chakra-oud-amber-130g
14865,tealight-holder-lotus-gold-coloured-115x11x48-cm,theelichthouder-lotus-goudkleurig-115x11x48-cm
14866,tealight-holder-lotus-hands-standing-gold-coloured-14x112x17-cm,theelichthouder-lotus-handen-staand-goudkleurig-14x112x17-cm
6250,candle-holder-round-amethyst-85x75x35cm,waxinelichthouder-rond-amethist-85x75x35cm
6251,candle-holder-round-rose-quartz-85x75x35cm,waxinelichthouder-rond-rozenkwarts-85x75x35cm
6252,candle-holder-round-rock-crystal-85x75x35cm,waxinelichthouder-rond-bergkristal-85x75x35cm
73034,tealight-holder-goddess-symbol-light-soapstone-11-cm,waxinelichthouder-godinnensymbool-lichte-zeepsteen-11-cm
64817,carnatia-magic-within-you-fragrance-oil-believe-in-miracles-10-ml,carnatia-magic-within-you-geurolie-believe-in-miracles-10-ml
64818,carnatia-magic-within-you-fragrance-oil-chase-your-dreams-10-ml,carnatia-magic-within-you-geurolie-chase-your-dreams-10-ml
64819,carnatia-magic-within-you-fragrance-oil-embrace-harmony-10-ml,carnatia-magic-within-you-geurolie-embrace-harmony-10-ml
64820,carnatia-magic-within-you-fragrance-oil-find-your-centre-10-ml,carnatia-magic-within-you-geurolie-find-your-centre-10-ml
64821,carnatia-magic-within-you-fragrance-oil-rise-renew-flourish-10-ml,carnatia-magic-within-you-geurolie-rise-renew-flourish-10-ml
64822,carnatia-magic-within-you-fragrance-oil-seek-your-truth-10-ml,carnatia-magic-within-you-geurolie-seek-your-truth-10-ml
64823,carnatia-magic-within-you-smudge-room-spray-believe-in-miracles-100-ml,carnatia-magic-within-you-smudge-roomspray-believe-in-miracles-100-ml
64824,carnatia-magic-within-you-smudge-room-spray-chase-your-dreams-100-ml,carnatia-magic-within-you-smudge-roomspray-chase-your-dreams-100-ml
64825,carnatia-magic-within-you-smudge-room-spray-embrace-harmony-100-ml,carnatia-magic-within-you-smudge-roomspray-embrace-harmony-100-ml
64826,carnatia-magic-within-you-smudge-room-spray-find-your-centre-100-ml,carnatia-magic-within-you-smudge-roomspray-find-your-centre-100-ml
64827,carnatia-magic-within-you-smudge-room-spray-rise-renew-flourish-100-ml,carnatia-magic-within-you-smudge-roomspray-rise-renew-flourish-100-ml
64828,carnatia-magic-within-you-smudge-room-spray-seek-your-truth-100-ml,carnatia-magic-within-you-smudge-roomspray-seek-your-truth-100-ml
64829,carnatia-magic-within-you-reed-diffuser-believe-in-miracles-30-ml,carnatia-magic-within-you-geurstokjes-believe-in-miracles-30-ml
64830,carnatia-magic-within-you-reed-diffuser-chase-your-dreams-30-ml,carnatia-magic-within-you-geurstokjes-chase-your-dreams-30-ml
64831,carnatia-magic-within-you-reed-diffuser-embrace-harmony-30-ml,carnatia-magic-within-you-geurstokjes-embrace-harmony-30-ml
64832,carnatia-magic-within-you-reed-diffuser-find-your-centre-30-ml,carnatia-magic-within-you-geurstokjes-find-your-centre-30-ml
64833,carnatia-magic-within-you-reed-diffuser-rise-renew-flourish-30-ml,carnatia-magic-within-you-geurstokjes-rise-renew-flourish-30-ml
64834,carnatia-magic-within-you-reed-diffuser-seek-your-truth-30-ml,carnatia-magic-within-you-geurstokjes-seek-your-truth-30-ml
18280,aromafume-incense-diffuser-khamsa-100-g-65x7-cm,aromafume-wierookdiffuser-khamsa-100-g-65x7-cm
73048,incense-and-oil-burner-tree-of-life-soapstone-13x75x75-cm,wierookbrander-en-olieverdamper-levensboom-zeepsteen-13x75x75-cm
73054,incense-and-oil-burner-stars-and-moons-soapstone-1500-g-14-cm,wierookbrander-en-olieverdamper-sterren-en-maantjes-zeepsteen-1500-g-14-cm
73030,incense-and-oil-burner-tree-of-life-light-soapstone-105-cm,wierookbrander-en-olieverdamper-levensboom-lichte-zeepsteen-105-cm
73047,incense-and-oil-burner-flower-of-life-soapstone-12x75x75-cm,wierookbrander-en-olieverdamper-bloem-des-levens-zeepsteen-12x75x75-cm
73029,incense-and-oil-burner-light-soapstone-11x9-cm,wierookbrander-en-olieverdamper-lichte-zeepsteen-11x9-cm
73050,oil-burner-flower-of-life-soapstone-11x10-cm,olieverdamper-bloem-des-levens-zeepsteen-11x10-cm
73051,oil-burner-tree-of-life-soapstone-11x10-cm,olieverdamper-levensboom-zeepsteen-11x10-cm
73028,oil-burner-tree-of-life-soapstone-10x75-cm,olieverdamper-levensboom-zeepsteen-10x75-cm
18279,aromafume-incense-diffuser-taj-100-g-65x7-cm,aromafume-wierookdiffuser-taj-100-g-65x7-cm
73031,oil-burner-lotus-light-soapstone-11x8-cm,olieverdamper-lotus-licht-zeepsteen-11x8-cm
73027,oil-burner-sun-and-moon-soapstone-10x75-cm,olieverdamper-zon-en-maan-zeepsteen-10x75-cm
817,copper-bottle-moon-phases-laser-engraved-500-ml,koperen-drinkfles-maanfasen-lasergegraveerd-500-ml
4191,suncatcher-hearts-with-rose-quartz-and-crystal-34-cm,suncatcher-harten-met-rozenkwarts-en-kristal-34-cm
4192,suncatcher-infinity-with-amethyst-and-crystal-31-cm,suncatcher-infinity-met-amethist-en-kristal-31-cm
13364,feng-shui-decoration-ohm-chakra-symbols-40x8-cm,feng-shui-decoratie-ohm-chakra-symbolen-40x8-cm
73033,tarot-or-jewellery-box-tree-of-life-soapstone-15x10-cm,tarot-of-sieradendoos-levensboom-zeepsteen-15x10-cm
2336,incense-burner-moon-phases-mango-wood-125x125x25-cm,wierookbrander-maanfasen-mangohout-125x125x25-cm
2335,small-altar-table-white-moon-phases-print-15x15x10-cm,altaartafeltje-witte-maanfasen-print-15x15x10-cm
14867,deco-yoga-meditation-round-on-base-gold-coloured-155x85x245-cm,deco-yoga-meditatie-rond-op-voet-goudkleurig-155x85x245-cm
14868,deco-yoga-meditation-hands-standing-gold-coloured-119x6x226-cm,deco-yoga-meditatie-handen-staand-goudkleurig-119x6x226-cm
73044,incense-burner-lotus-pink-sandstone-10x10-cm,wierookbrander-lotus-roze-zandsteen-10x10-cm
73053,incense-burner-soapstone-black-flower-of-life-with-sieve-7x13-cm,wierookbrander-zeepsteen-zwart-bloem-des-levens-met-zeef-7x13-cm
73039,incense-burner-angel-wings-sandstone-10x10-cm,wierookbrander-engelenvleugels-zandsteen-10x10-cm
73035,goddess-figurine-grey-soapstone-12-cm,godinnenbeeldje-zeepsteen-grijs-12-cm
73041,incense-burner-tree-of-life-soapstone-10x10-cm,wierookbrander-levensboom-zeepsteen-10x10-cm
73045,incense-holder-moon-phases-sandstone-elongated-255x5-cm,wierookhouder-zandsteen-maanfasen-langwerpig-255x5-cm
73049,incense-burner-moon-phases-white-marble-255x55x15-cm,wierookbrander-maanfasen-wit-marmer-255x55x15-cm
73038,incense-burner-flower-of-life-sandstone-10x10-cm,wierookbrander-bloem-des-levens-zandsteen-10x10-cm
73046,incense-holder-moon-phases-pink-sandstone-elongated-255x5-cm,wierookhouder-maanfasen-roze-zandsteen-langwerpig-255x5-cm
73037,incense-burner-leaf-shape-soapstone-25x8-cm,wierookbrander-bladvorm-zeepsteen-25x8-cm
73043,incense-burner-goddess-symbol-pink-sandstone-10x10-cm,wierookbrander-godinnensymbool-roze-zandsteen-10x10-cm
73052,incense-burner-soapstone-black-tree-of-life-with-sieve-7x13-cm,wierookbrander-zeepsteen-zwart-levensboom-met-zeef-7x13-cm
73040,incense-burner-nazar-sandstone-10x10-cm,wierookbrander-nazar-zandsteen-10x10-cm
73042,incense-burner-flower-of-life-soapstone-10x10-cm,wierookbrander-bloem-des-levens-zeepsteen-10x10-cm
64811,carnatia-magic-within-you-incense-believe-in-miracles-20-sticks,carnatia-magic-within-you-wierook-believe-in-miracles-20-stokjes
64812,carnatia-magic-within-you-incense-chase-your-dreams-20-sticks,carnatia-magic-within-you-wierook-chase-your-dreams-20-stokjes
64813,carnatia-magic-within-you-incense-embrace-harmony-20-sticks,carnatia-magic-within-you-wierook-embrace-harmony-20-stokjes
64814,carnatia-magic-within-you-incense-find-your-centre-20-sticks,carnatia-magic-within-you-wierook-find-your-centre-20-stokjes
64815,carnatia-magic-within-you-incense-rise-renew-flourish-20-sticks,carnatia-magic-within-you-wierook-rise-renew-flourish-20-stokjes
64816,carnatia-magic-within-you-incense-seek-your-truth-20-sticks,carnatia-magic-within-you-wierook-seek-your-truth-20-stokjes
64885,incense-muladhara-chakra-pine-cedarwood-40-sticks,wierook-muladhara-chakra-den-cederhout-40-stokjes
64886,incense-svadhisthana-chakra-orange-blossom-sandalwood-40-sticks,wierook-svadhisthana-chakra-oranjebloesem-sandelhout-40-stokjes
64887,incense-manipura-chakra-green-tea-lemongrass-40-sticks,wierook-manipura-chakra-groene-thee-citroengras-40-stokjes
64888,incense-anahata-chakra-jasmine-saffron-40-sticks,wierook-anahata-chakra-jasmijn-saffraan-40-stokjes
64889,incense-vishuddha-chakra-peppermint-eucalyptus-40-sticks,wierook-vishuddha-chakra-pepermunt-eucalyptus-40-stokjes
64890,incense-ajna-chakra-lavender-tierra-40-sticks,wierook-ajna-chakra-lavendel-tierra-40-stokjes
64891,incense-sahasrara-chakra-oud-amber-40-sticks,wierook-sahasrara-chakra-oud-amber-40-stokjes
5292,smudge-set-white-sage-rose-palo-santo-1951254-cm,smudge-set-witte-salie-roos-palo-santo-1951254-cm
5291,smudge-set-white-sage-lavender-palo-santo-1951254-cm,smudge-set-witte-salie-lavendel-palo-santo-1951254-cm
5290,smudge-set-white-sage-palo-santo-1951254-cm,smudge-set-witte-salie-palo-santo-1951254-cm
12719,bracelet-for-wide-wrist-with-tiger-eye-08-cm,armband-voor-brede-pols-met-tijgeroog-08-cm
12716,bracelet-for-wide-wrist-with-moss-agate-08-cm,armband-voor-brede-pols-met-mosagaat-08-cm
12715,bracelet-for-wide-wrist-with-green-quartz-lava-stone-tiger-eye-and-pyrite-08-cm,armband-voor-brede-pols-met-groene-kwarts-lavasteen-tijgeroog-en-pyriet-08-cm
12720,bracelet-for-wide-wrist-with-black-tourmaline-08-cm,armband-voor-brede-pols-met-zwarte-toermalijn-08-cm
12714,bracelet-for-wide-wrist-with-lapis-lazuli-lava-stone-tiger-eye-and-amazonite-08-cm,armband-voor-brede-pols-met-lapis-lazuli-lavasteen-tijgeroog-en-amazoniet-08-cm
12718,bracelet-for-wide-wrist-with-tiger-eye-hematite-and-obsidian-08-cm,armband-voor-brede-pols-met-tijgeroog-hematiet-en-obsidiaan-08-cm
12717,bracelet-for-wide-wrist-with-tiger-eye-and-lava-stone-08-cm,armband-voor-brede-pols-met-tijgeroog-en-lavasteen-08-cm
13377,rune-oracle-set-7-chakras-in-cotton-bag-218g,runen-orakelset-7-chakras-in-katoenen-tasje-218g
13378,rune-oracle-set-amethyst-in-cotton-bag-218g,runen-orakelset-amethist-in-katoenen-tasje-218g
13379,rune-oracle-set-of-rock-crystal-in-cotton-bag-12x10-cm,runen-orakelset-van-bergkristal-in-katoenen-zakje-12x10-cm
13376,rune-oracle-set-of-rose-quartz-in-cotton-bag-12x10-cm,runen-orakelset-van-rozenkwarts-in-katoenen-zakje-12x10-cm
13380,rune-oracle-set-of-tiger-eye-in-cotton-bag-12x10-cm,runen-orakelset-van-tijgeroog-in-katoenen-zakje-12x10-cm
78439,orgonite-sphere-golden-triangle-with-flower-of-life-55cm,orgoniet-bol-gouden-driehoek-met-bloem-des-levens-55cm
78438,orgonite-pyramid-golden-triangle-with-flower-of-life-75cm,orgoniet-piramide-gouden-driehoek-met-bloem-des-levens-75cm
13373,orgonite-pendulum-rose-quartz-faceted-11-g-4-cm,orgoniet-pendel-rozenkwarts-facet-geslepen-11-g-4-cm
12087,yoga-mat-cleaner-lime-500-ml,yogamat-reiniger-limoen-500-ml
12088,yoga-mat-cleaner-lime-60-ml,yogamat-reiniger-limoen-60-ml
12089,yoga-mat-cleaner-lime-10000-ml,yogamat-reiniger-limoen-10000-ml
880,cotton-pouch-moon-phases-old-pink-gots-19x13-cm,katoenen-tasje-maanfasen-oudroze-gots-19x13-cm
881,cotton-pouch-horoscope-blue-gots-19x13-cm,katoenen-tasje-horoscoop-blauw-gots-19x13-cm
883,cotton-pouch-bodhi-leaf-lilac-gots-19x13-cm,katoenen-tasje-bodhiblad-lila-gots-19x13-cm
13365,pendulum-board-galaxy-20x20-cm,pendelbord-galaxy-20x20-cm
13368,pendulum-star-gold-coloured-in-velvet-bag-24-cm,pendel-ster-goudkleurig-in-fluwelen-zakje-24-cm
13367,pendulum-moon-gold-coloured-in-velvet-bag-24-cm,pendel-maan-goudkleurig-in-fluwelen-zakje-24-cm
13369,pendulum-sun-and-moon-gold-coloured-in-velvet-bag-24-cm,pendel-zon-en-maan-goudkleurig-in-fluwelen-zakje-24-cm
999015,bamboo-gift-basket-22cm,bamboe-geschenkmandje-22cm
2199,notebook-lotus-with-amethyst-and-faux-leather-cover-250-g-18x13-cm,notitieboek-lotus-met-amethist-en-kunstleren-omslag-250-g-18x13-cm
2196,notebook-mystical-symbols-with-faux-leather-cover-250-g-18x13-cm,notitieboek-mystieke-symbolen-met-kunstleren-omslag-250-g-18x13-cm
